"rootsample","rootlength","Genotype","Treatment","Hair Root length"
3000,4.18,"ga1-13","GA",1.97
2999,4.5,"ga1-13","GA",3.05
2998,4.1,"ga1-13","GA",1.66
2997,2.96,"ga1-13","GA",3.62
2996,3.89,"ga1-13","GA",1.6
2995,3.67,"ga1-13","GA",2.97
2994,4.55,"ga1-13","GA",2.37
2993,4,"ga1-13","GA",1.68
2992,3.21,"ga1-13","GA",1.64
2991,5.51,"ga1-13","GA",2.44
2990,5.29,"ga1-13","GA",2.17
2989,4.72,"ga1-13","GA",3
2988,2.12,"ga1-13","GA",2.19
2987,4.46,"ga1-13","GA",1.78
2986,3.01,"ga1-13","GA",2.79
2985,4.12,"ga1-13","GA",1.95
2984,3.48,"ga1-13","GA",2.82
2983,2.78,"ga1-13","GA",2.26
2982,4.5,"ga1-13","GA",2.16
2981,4.02,"ga1-13","GA",2.94
2980,3.76,"ga1-13","GA",3.24
2979,4.61,"ga1-13","GA",0.75
2978,4.63,"ga1-13","GA",2.64
2977,4.23,"ga1-13","GA",3.04
2976,4.27,"ga1-13","GA",2.54
2975,3.63,"ga1-13","GA",1.96
2974,5.12,"ga1-13","GA",2.39
2973,5.65,"ga1-13","GA",2.62
2972,4.58,"ga1-13","GA",3.64
2971,3.48,"ga1-13","GA",2.18
2970,4.63,"ga1-13","GA",2.17
2969,3.53,"ga1-13","GA",3.07
2968,4.13,"ga1-13","GA",1.67
2967,3.55,"ga1-13","GA",2.56
2966,3.34,"ga1-13","GA",2.8
2965,4.2,"ga1-13","GA",3.12
2964,4.87,"ga1-13","GA",2.28
2963,3.62,"ga1-13","GA",2.73
2962,4.57,"ga1-13","GA",0.91
2961,5.55,"ga1-13","GA",2.66
2960,2.38,"ga1-13","GA",1.45
2959,3.85,"ga1-13","GA",3.56
2958,4.33,"ga1-13","GA",2.99
2957,2.5,"ga1-13","GA",2.88
2956,2.93,"ga1-13","GA",1.95
2955,4.08,"ga1-13","GA",2.9
2954,5.09,"ga1-13","GA",2.46
2953,4.55,"ga1-13","GA",4.2
2952,3.71,"ga1-13","GA",3.5
2951,4.01,"ga1-13","GA",1.61
2950,5,"ga1-13","GA",1.56
2949,4.17,"ga1-13","GA",3
2948,3.13,"ga1-13","GA",2.29
2947,5.83,"ga1-13","GA",3.26
2946,3.72,"ga1-13","GA",2.44
2945,3.86,"ga1-13","GA",2.47
2944,4.16,"ga1-13","GA",2.41
2943,3.12,"ga1-13","GA",2.01
2942,5.04,"ga1-13","GA",2.52
2941,3.56,"ga1-13","GA",3.27
2940,5.57,"ga1-13","GA",2.92
2939,4.72,"ga1-13","GA",1.84
2938,2.99,"ga1-13","GA",1.68
2937,1.76,"ga1-13","GA",2.98
2936,4.83,"ga1-13","GA",1.99
2935,3.82,"ga1-13","GA",3.35
2934,2.51,"ga1-13","GA",2.43
2933,1.4,"ga1-13","GA",1.01
2932,4.28,"ga1-13","GA",1.12
2931,4.53,"ga1-13","GA",2.15
2930,5.45,"ga1-13","GA",2.52
2929,2.94,"ga1-13","GA",1.75
2928,5.14,"ga1-13","GA",1.63
2927,3.93,"ga1-13","GA",3.69
2926,3.46,"ga1-13","GA",1.9
2925,3.18,"ga1-13","GA",1.63
2924,3.94,"ga1-13","GA",2.63
2923,1.8,"ga1-13","GA",2.92
2922,3.19,"ga1-13","GA",1.85
2921,4.16,"ga1-13","GA",3.52
2920,1.9,"ga1-13","GA",2.03
2919,5.3,"ga1-13","GA",3.94
2918,2.56,"ga1-13","GA",2.22
2917,3.07,"ga1-13","GA",2.69
2916,3.63,"ga1-13","GA",2.76
2915,3.76,"ga1-13","GA",3.71
2914,4.14,"ga1-13","GA",1.77
2913,1.95,"ga1-13","GA",2.33
2912,4.05,"ga1-13","GA",3.72
2911,5.32,"ga1-13","GA",1.47
2910,4.06,"ga1-13","GA",2.76
2909,3.67,"ga1-13","GA",2.05
2908,3.54,"ga1-13","GA",2.98
2907,3.63,"ga1-13","GA",1.37
2906,2.99,"ga1-13","GA",2.02
2905,4.62,"ga1-13","GA",3.61
2904,4.16,"ga1-13","GA",2.03
2903,4.62,"ga1-13","GA",2.41
2902,3.26,"ga1-13","GA",2.2
2901,3.85,"ga1-13","GA",1.98
2900,3.31,"ga1-13","GA",3.6
2899,3.78,"ga1-13","GA",2.37
2898,4.55,"ga1-13","GA",1.55
2897,4.01,"ga1-13","GA",2.55
2896,4.37,"ga1-13","GA",3.26
2895,3.7,"ga1-13","GA",2.82
2894,3.56,"ga1-13","GA",2.13
2893,4.19,"ga1-13","GA",1.63
2892,5.34,"ga1-13","GA",1.94
2891,3.62,"ga1-13","GA",1.72
2890,4.28,"ga1-13","GA",2.07
2889,3.34,"ga1-13","GA",2.07
2888,3.89,"ga1-13","GA",2.63
2887,3.11,"ga1-13","GA",2.49
2886,3.71,"ga1-13","GA",2.22
2885,4.02,"ga1-13","GA",3.02
2884,3.37,"ga1-13","GA",3.69
2883,4.55,"ga1-13","GA",1.51
2882,3.68,"ga1-13","GA",1.82
2881,4.89,"ga1-13","GA",3.07
2880,5.9,"ga1-13","GA",2.6
2879,3.95,"ga1-13","GA",2.36
2878,5.65,"ga1-13","GA",2.42
2877,4.81,"ga1-13","GA",2.85
2876,3.22,"ga1-13","GA",2.01
2875,5.03,"ga1-13","GA",2.63
2874,4.93,"ga1-13","GA",3.31
2873,4.01,"ga1-13","GA",2.03
2872,3.79,"ga1-13","GA",2.72
2871,4.74,"ga1-13","GA",2.12
2870,4.64,"ga1-13","GA",2.86
2869,5.38,"ga1-13","GA",2.97
2868,3.71,"ga1-13","GA",1.73
2867,4.12,"ga1-13","GA",2.15
2866,4.87,"ga1-13","GA",1.87
2865,2.46,"ga1-13","GA",3.04
2864,5.84,"ga1-13","GA",2.22
2863,4.2,"ga1-13","GA",3.12
2862,5.27,"ga1-13","GA",3.58
2861,2.26,"ga1-13","GA",2.58
2860,4.37,"ga1-13","GA",1.83
2859,3.23,"ga1-13","GA",2.2
2858,3.9,"ga1-13","GA",3.29
2857,3.16,"ga1-13","GA",1.64
2856,3.93,"ga1-13","GA",1.03
2855,5.14,"ga1-13","GA",2.66
2854,2.75,"ga1-13","GA",2.3
2853,2.53,"ga1-13","GA",1.97
2852,5.06,"ga1-13","GA",2.38
2851,2.41,"ga1-13","GA",1.56
2850,4.07,"ga1-13","GA",2
2849,5.07,"ga1-13","GA",1.75
2848,2.37,"ga1-13","GA",2.67
2847,3.75,"ga1-13","GA",2.07
2846,5.86,"ga1-13","GA",1.86
2845,4.08,"ga1-13","GA",3.36
2844,4.97,"ga1-13","GA",2.84
2843,4.49,"ga1-13","GA",2.24
2842,5.77,"ga1-13","GA",2.63
2841,4.24,"ga1-13","GA",3.54
2840,5.55,"ga1-13","GA",2.53
2839,4.67,"ga1-13","GA",1.88
2838,4.46,"ga1-13","GA",3.03
2837,2.26,"ga1-13","GA",2.24
2836,4.54,"ga1-13","GA",2.26
2835,4.44,"ga1-13","GA",1.48
2834,2.28,"ga1-13","GA",1.97
2833,2.63,"ga1-13","GA",2.59
2832,4.21,"ga1-13","GA",2.36
2831,4.31,"ga1-13","GA",1.84
2830,3.63,"ga1-13","GA",1.99
2829,1.89,"ga1-13","GA",1.84
2828,6.18,"ga1-13","GA",3.27
2827,3.85,"ga1-13","GA",1.67
2826,3.01,"ga1-13","GA",1.8
2825,6.63,"ga1-13","GA",3.93
2824,4.03,"ga1-13","GA",1.54
2823,4.35,"ga1-13","GA",2.11
2822,5.35,"ga1-13","GA",1.79
2821,4.35,"ga1-13","GA",3.3
2820,3.61,"ga1-13","GA",3.04
2819,2.17,"ga1-13","GA",2.53
2818,6.01,"ga1-13","GA",2.41
2817,5.13,"ga1-13","GA",2.49
2816,4.4,"ga1-13","GA",3.41
2815,3.49,"ga1-13","GA",2.45
2814,4.13,"ga1-13","GA",2.36
2813,5.57,"ga1-13","GA",2.16
2812,3.16,"ga1-13","GA",2.66
2811,3.39,"ga1-13","GA",3.21
2810,3.54,"ga1-13","GA",3.34
2809,4.31,"ga1-13","GA",2.13
2808,2.21,"ga1-13","GA",3.03
2807,5.5,"ga1-13","GA",2.54
2806,2.15,"ga1-13","GA",1.82
2805,2.86,"ga1-13","GA",2.69
2804,4.31,"ga1-13","GA",1.5
2803,3.77,"ga1-13","GA",1.78
2802,5.65,"ga1-13","GA",3.12
2801,5.07,"ga1-13","GA",2.03
2800,3.18,"ga1-13","GA",2.36
2799,4.05,"ga1-13","GA",2.46
2798,3.4,"ga1-13","GA",3.22
2797,4.33,"ga1-13","GA",2.56
2796,3.53,"ga1-13","GA",1.79
2795,3.12,"ga1-13","GA",2.53
2794,4.58,"ga1-13","GA",2.03
2793,3.55,"ga1-13","GA",2.72
2792,4.26,"ga1-13","GA",3.3
2791,4.95,"ga1-13","GA",2.62
2790,3.43,"ga1-13","GA",1.61
2789,3.81,"ga1-13","GA",2.03
2788,1.95,"ga1-13","GA",3.06
2787,4.91,"ga1-13","GA",2.45
2786,3.9,"ga1-13","GA",2.4
2785,4.38,"ga1-13","GA",2.11
2784,5.04,"ga1-13","GA",1.33
2783,3.52,"ga1-13","GA",2.16
2782,4.16,"ga1-13","GA",1.12
2781,4.58,"ga1-13","GA",2.7
2780,4.51,"ga1-13","GA",2.72
2779,2.93,"ga1-13","GA",2.66
2778,3.15,"ga1-13","GA",2.23
2777,3.88,"ga1-13","GA",2.23
2776,4.89,"ga1-13","GA",3.2
2775,4.98,"ga1-13","GA",2.21
2774,4.08,"ga1-13","GA",2.44
2773,6.16,"ga1-13","GA",2.78
2772,3.25,"ga1-13","GA",2.48
2771,3.81,"ga1-13","GA",2.45
2770,4.48,"ga1-13","GA",2.42
2769,4,"ga1-13","GA",2.37
2768,4.39,"ga1-13","GA",1.95
2767,2.07,"ga1-13","GA",3.07
2766,4.57,"ga1-13","GA",1.95
2765,3.75,"ga1-13","GA",3.14
2764,5.84,"ga1-13","GA",2.44
2763,2.27,"ga1-13","GA",2.15
2762,3.84,"ga1-13","GA",1.35
2761,5.26,"ga1-13","GA",1.46
2760,2.59,"ga1-13","GA",2.7
2759,4.11,"ga1-13","GA",3.32
2758,4.15,"ga1-13","GA",1.78
2757,5.25,"ga1-13","GA",3.58
2756,3.99,"ga1-13","GA",2.67
2755,3.85,"ga1-13","GA",3.5
2754,4.39,"ga1-13","GA",3.51
2753,4.04,"ga1-13","GA",2.86
2752,2.97,"ga1-13","GA",1.8
2751,4.97,"ga1-13","GA",2.35
2750,4.09,"ga1-13","GA",1.53
2749,3.79,"ga1-13","GA",2.93
2748,4.48,"ga1-13","GA",2.09
2747,2.72,"ga1-13","GA",3.02
2746,5.25,"ga1-13","GA",1.83
2745,3.76,"ga1-13","GA",3.76
2744,3.78,"ga1-13","GA",2.7
2743,4.95,"ga1-13","GA",1.85
2742,4,"ga1-13","GA",2.86
2741,3.37,"ga1-13","GA",2.4
2740,3.14,"ga1-13","GA",1.5
2739,2.62,"ga1-13","GA",1.97
2738,6.58,"ga1-13","GA",1.55
2737,5.22,"ga1-13","GA",2.61
2736,3.44,"ga1-13","GA",3.03
2735,4.28,"ga1-13","GA",1.42
2734,1.68,"ga1-13","GA",2.18
2733,3.92,"ga1-13","GA",3.08
2732,3.91,"ga1-13","GA",2.44
2731,3.01,"ga1-13","GA",2.26
2730,3.21,"ga1-13","GA",1.42
2729,2.32,"ga1-13","GA",2.9
2728,4.74,"ga1-13","GA",3.12
2727,4.88,"ga1-13","GA",2.36
2726,0.89,"ga1-13","GA",2.13
2725,3.57,"ga1-13","GA",1.29
2724,4.79,"ga1-13","GA",2.88
2723,5.15,"ga1-13","GA",3.79
2722,4.21,"ga1-13","GA",3.3
2721,3.9,"ga1-13","GA",2.75
2720,3.78,"ga1-13","GA",2.04
2719,3.76,"ga1-13","GA",2.34
2718,3.95,"ga1-13","GA",2.44
2717,3.47,"ga1-13","GA",2.76
2716,4.7,"ga1-13","GA",1.7
2715,3.28,"ga1-13","GA",1.07
2714,5.4,"ga1-13","GA",1.61
2713,3.64,"ga1-13","GA",2.46
2712,4.21,"ga1-13","GA",3.2
2711,5.49,"ga1-13","GA",1.48
2710,4.59,"ga1-13","GA",3
2709,3.7,"ga1-13","GA",1.96
2708,3.67,"ga1-13","GA",3.59
2707,4.65,"ga1-13","GA",2.97
2706,4.66,"ga1-13","GA",2.73
2705,3.21,"ga1-13","GA",3.18
2704,2.98,"ga1-13","GA",2.23
2703,2.65,"ga1-13","GA",2.67
2702,2.98,"ga1-13","GA",3.49
2701,3.66,"ga1-13","GA",3.18
2700,5.32,"ga1-13","GA",1.29
2699,3.2,"ga1-13","GA",1.75
2698,4.27,"ga1-13","GA",2.45
2697,5.41,"ga1-13","GA",2.72
2696,4.65,"ga1-13","GA",1.97
2695,3.68,"ga1-13","GA",1.59
2694,5.02,"ga1-13","GA",2.05
2693,5.38,"ga1-13","GA",3.2
2692,3.62,"ga1-13","GA",3.01
2691,4.35,"ga1-13","GA",2.64
2690,2.82,"ga1-13","GA",2.45
2689,4.56,"ga1-13","GA",2.14
2688,2.17,"ga1-13","GA",2.83
2687,3.65,"ga1-13","GA",3.11
2686,2.07,"ga1-13","GA",2.2
2685,3.77,"ga1-13","GA",1.85
2684,4.84,"ga1-13","GA",1.33
2683,2.82,"ga1-13","GA",2.02
2682,3.65,"ga1-13","GA",2.37
2681,3.81,"ga1-13","GA",2.44
2680,3.61,"ga1-13","GA",2.99
2679,3.34,"ga1-13","GA",1.13
2678,3.51,"ga1-13","GA",1.27
2677,3.58,"ga1-13","GA",2.35
2676,4.54,"ga1-13","GA",2.11
2675,4.45,"ga1-13","GA",1.6
2674,5.78,"ga1-13","GA",3.19
2673,3.6,"ga1-13","GA",1.71
2672,4.25,"ga1-13","GA",3.07
2671,4.53,"ga1-13","GA",1.85
2670,1.61,"ga1-13","GA",2.58
2669,5.4,"ga1-13","GA",1.91
2668,3.46,"ga1-13","GA",2.15
2667,2.99,"ga1-13","GA",2.57
2666,4.78,"ga1-13","GA",2.44
2665,5.26,"ga1-13","GA",1.23
2664,4.64,"ga1-13","GA",2.86
2663,3.31,"ga1-13","GA",1.08
2662,4.52,"ga1-13","GA",3.1
2661,5.18,"ga1-13","GA",2.03
2660,4.72,"ga1-13","GA",2.85
2659,3.85,"ga1-13","GA",2.53
2658,4.91,"ga1-13","GA",2.94
2657,3.13,"ga1-13","GA",1.85
2656,2.9,"ga1-13","GA",2.87
2655,5.72,"ga1-13","GA",2.61
2654,4.17,"ga1-13","GA",3.06
2653,3.34,"ga1-13","GA",3.08
2652,7.08,"ga1-13","GA",2.07
2651,4.82,"ga1-13","GA",2.07
2650,3.45,"ga1-13","GA",3.19
2649,3.98,"ga1-13","GA",3.11
2648,4.58,"ga1-13","GA",2.8
2647,5.51,"ga1-13","GA",2.31
2646,2.87,"ga1-13","GA",1.52
2645,3.13,"ga1-13","GA",2.08
2644,4.77,"ga1-13","GA",2.69
2643,4.65,"ga1-13","GA",3.07
2642,4.28,"ga1-13","GA",0.99
2641,4.66,"ga1-13","GA",3.41
2640,5.74,"ga1-13","GA",1.83
2639,4.69,"ga1-13","GA",2.41
2638,5.38,"ga1-13","GA",3.35
2637,2.5,"ga1-13","GA",2.86
2636,4.43,"ga1-13","GA",2.29
2635,4.81,"ga1-13","GA",2.26
2634,4.88,"ga1-13","GA",2.65
2633,4.66,"ga1-13","GA",2.81
2632,3.54,"ga1-13","GA",2.04
2631,3.73,"ga1-13","GA",1.77
2630,4.3,"ga1-13","GA",2.26
2629,3.85,"ga1-13","GA",3.28
2628,6.58,"ga1-13","GA",2.02
2627,2.69,"ga1-13","GA",2.01
2626,5.03,"ga1-13","GA",2.01
2625,2.76,"ga1-13","GA",1.84
2624,4.22,"ga1-13","GA",1.7
2623,6.38,"ga1-13","GA",1.5
2622,5.29,"ga1-13","GA",2.04
2621,3.33,"ga1-13","GA",2.82
2620,5.38,"ga1-13","GA",2.4
2619,1.51,"ga1-13","GA",2.23
2618,4.73,"ga1-13","GA",2.59
2617,3.98,"ga1-13","GA",2.68
2616,3.81,"ga1-13","GA",2.41
2615,2.53,"ga1-13","GA",2.07
2614,2.43,"ga1-13","GA",1.71
2613,4.7,"ga1-13","GA",1.75
2612,5.85,"ga1-13","GA",2.81
2611,3.54,"ga1-13","GA",1.31
2610,5.09,"ga1-13","GA",2.6
2609,3.04,"ga1-13","GA",2.3
2608,2.08,"ga1-13","GA",2.04
2607,4.63,"ga1-13","GA",2.41
2606,3.34,"ga1-13","GA",2.27
2605,4.92,"ga1-13","GA",3.1
2604,3.11,"ga1-13","GA",2.19
2603,2.71,"ga1-13","GA",1.44
2602,2.76,"ga1-13","GA",2.6
2601,2.88,"ga1-13","GA",1.62
2600,4.38,"ga1-13","GA",1.71
2599,3,"ga1-13","GA",2.73
2598,4.18,"ga1-13","GA",2.12
2597,4.14,"ga1-13","GA",3.12
2596,4.96,"ga1-13","GA",2.17
2595,2.56,"ga1-13","GA",2.79
2594,2.44,"ga1-13","GA",1.69
2593,3.85,"ga1-13","GA",3.75
2592,5.35,"ga1-13","GA",2.44
2591,6.2,"ga1-13","GA",1.55
2590,2.14,"ga1-13","GA",1.56
2589,5.82,"ga1-13","GA",3.12
2588,3.41,"ga1-13","GA",2.92
2587,5.43,"ga1-13","GA",0.89
2586,3.08,"ga1-13","GA",2.53
2585,4.66,"ga1-13","GA",2.47
2584,3.02,"ga1-13","GA",1.99
2583,3.42,"ga1-13","GA",1.95
2582,5.56,"ga1-13","GA",1.75
2581,3.97,"ga1-13","GA",2.05
2580,4.05,"ga1-13","GA",2.44
2579,3.68,"ga1-13","GA",3.08
2578,6.07,"ga1-13","GA",1.62
2577,3.99,"ga1-13","GA",2.43
2576,2.7,"ga1-13","GA",1.75
2575,3.9,"ga1-13","GA",1.38
2574,3.7,"ga1-13","GA",2.26
2573,4.98,"ga1-13","GA",2.08
2572,3.94,"ga1-13","GA",2.53
2571,3.83,"ga1-13","GA",2.59
2570,4.08,"ga1-13","GA",2.47
2569,2.51,"ga1-13","GA",3.19
2568,4.55,"ga1-13","GA",2.96
2567,4.92,"ga1-13","GA",2.42
2566,3.13,"ga1-13","GA",1.87
2565,4.39,"ga1-13","GA",3.61
2564,4.35,"ga1-13","GA",2.23
2563,6.55,"ga1-13","GA",2.65
2562,3.52,"ga1-13","GA",0.75
2561,2.49,"ga1-13","GA",3.12
2560,4.5,"ga1-13","GA",2.5
2559,3.73,"ga1-13","GA",2.49
2558,3.52,"ga1-13","GA",1.87
2557,4.17,"ga1-13","GA",2.96
2556,3.71,"ga1-13","GA",1.46
2555,4.03,"ga1-13","GA",2.28
2554,2.75,"ga1-13","GA",2.09
2553,4.01,"ga1-13","GA",2.3
2552,4.27,"ga1-13","GA",2.68
2551,2.9,"ga1-13","GA",2.69
2550,3.74,"ga1-13","GA",2.34
2549,4.51,"ga1-13","GA",2.87
2548,3.01,"ga1-13","GA",2.96
2547,3.49,"ga1-13","GA",1.15
2546,4.92,"ga1-13","GA",1.97
2545,5.09,"ga1-13","GA",2.1
2544,5.12,"ga1-13","GA",2.33
2543,3.67,"ga1-13","GA",2.36
2542,3.85,"ga1-13","GA",1.12
2541,4.27,"ga1-13","GA",3.27
2540,3.12,"ga1-13","GA",3.38
2539,5.82,"ga1-13","GA",2.97
2538,3.69,"ga1-13","GA",2.95
2537,5.51,"ga1-13","GA",2.87
2536,3.71,"ga1-13","GA",2.52
2535,4.42,"ga1-13","GA",2.56
2534,5.54,"ga1-13","GA",2.22
2533,3.53,"ga1-13","GA",2.77
2532,3.87,"ga1-13","GA",1.96
2531,3.23,"ga1-13","GA",2.84
2530,5.08,"ga1-13","GA",2.92
2529,5.66,"ga1-13","GA",1.9
2528,4.91,"ga1-13","GA",1.88
2527,3.43,"ga1-13","GA",1.84
2526,2.94,"ga1-13","GA",2.12
2525,4.08,"ga1-13","GA",2.52
2524,3.66,"ga1-13","GA",3.29
2523,2.91,"ga1-13","GA",2.8
2522,4.07,"ga1-13","GA",2.98
2521,3.47,"ga1-13","GA",1.03
2520,4.71,"ga1-13","GA",1.93
2519,5.56,"ga1-13","GA",2.75
2518,4.22,"ga1-13","GA",2.92
2517,5.69,"ga1-13","GA",2.79
2516,4.8,"ga1-13","GA",2.47
2515,2.8,"ga1-13","GA",3.52
2514,3.09,"ga1-13","GA",1.38
2513,3.46,"ga1-13","GA",1.41
2512,4.41,"ga1-13","GA",2.29
2511,4.02,"ga1-13","GA",2.31
2510,4.34,"ga1-13","GA",2.06
2509,4.34,"ga1-13","GA",2.78
2508,3.98,"ga1-13","GA",2.03
2507,4.89,"ga1-13","GA",2.5
2506,3.09,"ga1-13","GA",2.59
2505,3.82,"ga1-13","GA",2.59
2504,2.52,"ga1-13","GA",2.46
2503,4.19,"ga1-13","GA",1.81
2502,1.82,"ga1-13","GA",3.26
2501,5.43,"ga1-13","GA",1.67
2500,1.28,"ga1-13","Mock",2.76
2499,0.94,"ga1-13","Mock",2.66
2498,0.35,"ga1-13","Mock",2.31
2497,1.49,"ga1-13","Mock",2.82
2496,0.62,"ga1-13","Mock",2.52
2495,0.46,"ga1-13","Mock",2.75
2494,1.5,"ga1-13","Mock",2.37
2493,0.65,"ga1-13","Mock",2.92
2492,0.9,"ga1-13","Mock",2.78
2491,1.4,"ga1-13","Mock",3.09
2490,1.09,"ga1-13","Mock",2.73
2489,1.01,"ga1-13","Mock",2.64
2488,0.95,"ga1-13","Mock",2.84
2487,1.07,"ga1-13","Mock",2.9
2486,1.75,"ga1-13","Mock",2.94
2485,1.47,"ga1-13","Mock",2.33
2484,1.07,"ga1-13","Mock",2.48
2483,0.93,"ga1-13","Mock",2.69
2482,1.4,"ga1-13","Mock",2.8
2481,0.49,"ga1-13","Mock",2.85
2480,0.82,"ga1-13","Mock",2.71
2479,0.79,"ga1-13","Mock",3.14
2478,0.82,"ga1-13","Mock",2.84
2477,1.18,"ga1-13","Mock",2.81
2476,1.17,"ga1-13","Mock",2.68
2475,0.52,"ga1-13","Mock",2.47
2474,0.82,"ga1-13","Mock",2.63
2473,0.85,"ga1-13","Mock",2.78
2472,1.33,"ga1-13","Mock",2.79
2471,0.85,"ga1-13","Mock",2.79
2470,1.36,"ga1-13","Mock",2.93
2469,0.98,"ga1-13","Mock",2.73
2468,1.24,"ga1-13","Mock",2.37
2467,0.61,"ga1-13","Mock",2.36
2466,0.72,"ga1-13","Mock",2.75
2465,0.95,"ga1-13","Mock",2.84
2464,0.96,"ga1-13","Mock",2.94
2463,1.06,"ga1-13","Mock",2.42
2462,0.84,"ga1-13","Mock",2.88
2461,0.9,"ga1-13","Mock",2.41
2460,1.02,"ga1-13","Mock",2.67
2459,0.96,"ga1-13","Mock",2.69
2458,1,"ga1-13","Mock",2.79
2457,1.13,"ga1-13","Mock",2.93
2456,1.38,"ga1-13","Mock",2.76
2455,1.27,"ga1-13","Mock",2.83
2454,0.79,"ga1-13","Mock",2.58
2453,0.9,"ga1-13","Mock",2.71
2452,0.67,"ga1-13","Mock",2.87
2451,0.91,"ga1-13","Mock",3.26
2450,0.86,"ga1-13","Mock",2.55
2449,1.38,"ga1-13","Mock",2.85
2448,1.08,"ga1-13","Mock",2.61
2447,0.99,"ga1-13","Mock",2.89
2446,1.36,"ga1-13","Mock",2.46
2445,0.7,"ga1-13","Mock",2.66
2444,1.12,"ga1-13","Mock",2.62
2443,0.54,"ga1-13","Mock",2.79
2442,0.89,"ga1-13","Mock",2.69
2441,1.34,"ga1-13","Mock",2.92
2440,1.13,"ga1-13","Mock",2.8
2439,1.29,"ga1-13","Mock",2.75
2438,0.79,"ga1-13","Mock",2.63
2437,0.89,"ga1-13","Mock",2.79
2436,1.19,"ga1-13","Mock",2.39
2435,0.61,"ga1-13","Mock",2.9
2434,1.41,"ga1-13","Mock",2.76
2433,0.98,"ga1-13","Mock",2.67
2432,1.54,"ga1-13","Mock",2.61
2431,0.44,"ga1-13","Mock",2.49
2430,1.36,"ga1-13","Mock",2.62
2429,1.11,"ga1-13","Mock",2.57
2428,0.77,"ga1-13","Mock",2.9
2427,1.87,"ga1-13","Mock",2.75
2426,1.13,"ga1-13","Mock",2.41
2425,1.35,"ga1-13","Mock",2.68
2424,1.22,"ga1-13","Mock",2.67
2423,0.66,"ga1-13","Mock",2.86
2422,1.18,"ga1-13","Mock",2.6
2421,1.17,"ga1-13","Mock",2.67
2420,0.46,"ga1-13","Mock",2.72
2419,0.69,"ga1-13","Mock",2.55
2418,1.06,"ga1-13","Mock",2.81
2417,1.14,"ga1-13","Mock",2.66
2416,1.18,"ga1-13","Mock",2.49
2415,1.13,"ga1-13","Mock",2.58
2414,0.92,"ga1-13","Mock",2.89
2413,0.65,"ga1-13","Mock",2.67
2412,0.76,"ga1-13","Mock",2.85
2411,1.03,"ga1-13","Mock",2.75
2410,1.12,"ga1-13","Mock",2.61
2409,0.94,"ga1-13","Mock",2.78
2408,0.54,"ga1-13","Mock",2.73
2407,1.37,"ga1-13","Mock",2.71
2406,1.09,"ga1-13","Mock",2.64
2405,1.1,"ga1-13","Mock",2.64
2404,0.82,"ga1-13","Mock",2.83
2403,0.71,"ga1-13","Mock",2.78
2402,0.73,"ga1-13","Mock",2.76
2401,1.54,"ga1-13","Mock",2.62
2400,0.5,"ga1-13","Mock",2.46
2399,1.15,"ga1-13","Mock",2.48
2398,0.88,"ga1-13","Mock",2.97
2397,0.76,"ga1-13","Mock",2.48
2396,0.56,"ga1-13","Mock",2.73
2395,0.71,"ga1-13","Mock",2.68
2394,0.73,"ga1-13","Mock",2.33
2393,1.1,"ga1-13","Mock",2.84
2392,1.19,"ga1-13","Mock",2.78
2391,1.17,"ga1-13","Mock",2.81
2390,0.89,"ga1-13","Mock",2.45
2389,0.97,"ga1-13","Mock",2.62
2388,0.35,"ga1-13","Mock",2.76
2387,1.22,"ga1-13","Mock",2.87
2386,1.16,"ga1-13","Mock",2.34
2385,1.3,"ga1-13","Mock",2.7
2384,0.89,"ga1-13","Mock",2.34
2383,0.83,"ga1-13","Mock",3.14
2382,1.13,"ga1-13","Mock",2.51
2381,0.51,"ga1-13","Mock",2.86
2380,1.05,"ga1-13","Mock",2.97
2379,1.39,"ga1-13","Mock",2.61
2378,0.71,"ga1-13","Mock",2.69
2377,1.51,"ga1-13","Mock",2.58
2376,0.39,"ga1-13","Mock",3.17
2375,0.79,"ga1-13","Mock",2.58
2374,0.49,"ga1-13","Mock",2.48
2373,0.81,"ga1-13","Mock",2.84
2372,0.24,"ga1-13","Mock",2.53
2371,0.84,"ga1-13","Mock",3.04
2370,1.14,"ga1-13","Mock",2.88
2369,1.59,"ga1-13","Mock",2.64
2368,1.26,"ga1-13","Mock",2.64
2367,0.69,"ga1-13","Mock",3.35
2366,1.12,"ga1-13","Mock",2.9
2365,0.87,"ga1-13","Mock",2.86
2364,0.75,"ga1-13","Mock",2.48
2363,1.09,"ga1-13","Mock",2.62
2362,0.92,"ga1-13","Mock",2.96
2361,1.02,"ga1-13","Mock",2.55
2360,1.34,"ga1-13","Mock",2.62
2359,0.9,"ga1-13","Mock",2.83
2358,1.07,"ga1-13","Mock",2.7
2357,1.3,"ga1-13","Mock",2.26
2356,0.86,"ga1-13","Mock",2.82
2355,0.74,"ga1-13","Mock",2.65
2354,0.93,"ga1-13","Mock",2.75
2353,1.36,"ga1-13","Mock",2.89
2352,1.28,"ga1-13","Mock",2.72
2351,1.36,"ga1-13","Mock",2.4
2350,1.18,"ga1-13","Mock",2.59
2349,1.41,"ga1-13","Mock",2.66
2348,1.33,"ga1-13","Mock",2.48
2347,0.66,"ga1-13","Mock",2.7
2346,1.52,"ga1-13","Mock",2.66
2345,1.09,"ga1-13","Mock",2.55
2344,0.9,"ga1-13","Mock",2.51
2343,1.32,"ga1-13","Mock",2.75
2342,0.84,"ga1-13","Mock",2.51
2341,0.92,"ga1-13","Mock",3.03
2340,0.92,"ga1-13","Mock",2.52
2339,1.34,"ga1-13","Mock",2.5
2338,0.67,"ga1-13","Mock",2.87
2337,0.95,"ga1-13","Mock",2.71
2336,0.84,"ga1-13","Mock",2.62
2335,0.83,"ga1-13","Mock",2.85
2334,1.14,"ga1-13","Mock",2.68
2333,0.97,"ga1-13","Mock",2.86
2332,1.09,"ga1-13","Mock",2.65
2331,1.03,"ga1-13","Mock",2.62
2330,1.46,"ga1-13","Mock",2.93
2329,0.75,"ga1-13","Mock",2.68
2328,0.47,"ga1-13","Mock",2.88
2327,0.96,"ga1-13","Mock",2.63
2326,1.21,"ga1-13","Mock",2.55
2325,1.21,"ga1-13","Mock",2.86
2324,0.43,"ga1-13","Mock",2.92
2323,1.27,"ga1-13","Mock",2.59
2322,0.6,"ga1-13","Mock",2.6
2321,1.41,"ga1-13","Mock",2.53
2320,0.66,"ga1-13","Mock",2.73
2319,1.31,"ga1-13","Mock",2.75
2318,1.45,"ga1-13","Mock",2.72
2317,1.27,"ga1-13","Mock",2.43
2316,0.65,"ga1-13","Mock",2.45
2315,0.78,"ga1-13","Mock",3.08
2314,1.04,"ga1-13","Mock",2.95
2313,1.15,"ga1-13","Mock",2.67
2312,1.21,"ga1-13","Mock",2.75
2311,1.15,"ga1-13","Mock",2.47
2310,0.45,"ga1-13","Mock",2.35
2309,1.01,"ga1-13","Mock",2.32
2308,0.77,"ga1-13","Mock",2.86
2307,1.11,"ga1-13","Mock",2.49
2306,1.09,"ga1-13","Mock",2.59
2305,1.52,"ga1-13","Mock",2.65
2304,0.81,"ga1-13","Mock",2.6
2303,0.87,"ga1-13","Mock",2.56
2302,0.69,"ga1-13","Mock",2.21
2301,0.79,"ga1-13","Mock",3.11
2300,1.3,"ga1-13","Mock",2.46
2299,0.68,"ga1-13","Mock",2.86
2298,1.01,"ga1-13","Mock",2.66
2297,0.79,"ga1-13","Mock",3
2296,1.21,"ga1-13","Mock",2.51
2295,0.9,"ga1-13","Mock",2.61
2294,1.09,"ga1-13","Mock",2.58
2293,0.74,"ga1-13","Mock",2.64
2292,0.9,"ga1-13","Mock",2.57
2291,0.9,"ga1-13","Mock",2.46
2290,0.71,"ga1-13","Mock",2.73
2289,1.31,"ga1-13","Mock",2.97
2288,1.01,"ga1-13","Mock",2.52
2287,1,"ga1-13","Mock",2.53
2286,1.52,"ga1-13","Mock",2.72
2285,1.16,"ga1-13","Mock",3.08
2284,1.05,"ga1-13","Mock",2.95
2283,0.93,"ga1-13","Mock",2.66
2282,0.85,"ga1-13","Mock",2.7
2281,1.08,"ga1-13","Mock",2.55
2280,0.98,"ga1-13","Mock",3.09
2279,0.85,"ga1-13","Mock",2.5
2278,1.04,"ga1-13","Mock",2.27
2277,1.32,"ga1-13","Mock",2.86
2276,1.01,"ga1-13","Mock",2.9
2275,1.68,"ga1-13","Mock",3.02
2274,1.11,"ga1-13","Mock",2.65
2273,1.14,"ga1-13","Mock",2.66
2272,1.17,"ga1-13","Mock",2.84
2271,1.5,"ga1-13","Mock",2.51
2270,1.04,"ga1-13","Mock",2.39
2269,1.3,"ga1-13","Mock",2.91
2268,1.05,"ga1-13","Mock",3.07
2267,0.84,"ga1-13","Mock",2.77
2266,1.12,"ga1-13","Mock",2.38
2265,0.95,"ga1-13","Mock",2.52
2264,1.07,"ga1-13","Mock",2.78
2263,1.99,"ga1-13","Mock",2.45
2262,0.75,"ga1-13","Mock",2.81
2261,0.64,"ga1-13","Mock",2.78
2260,1,"ga1-13","Mock",2.44
2259,1.1,"ga1-13","Mock",2.96
2258,0.36,"ga1-13","Mock",2.77
2257,1.09,"ga1-13","Mock",2.96
2256,0.9,"ga1-13","Mock",2.97
2255,1.18,"ga1-13","Mock",2.52
2254,0.68,"ga1-13","Mock",2.5
2253,0.77,"ga1-13","Mock",2.85
2252,0.37,"ga1-13","Mock",2.9
2251,0.92,"ga1-13","Mock",2.45
2250,0.84,"ga1-13","Mock",2.57
2249,1.22,"ga1-13","Mock",2.74
2248,1.62,"ga1-13","Mock",2.68
2247,1.25,"ga1-13","Mock",2.33
2246,1.36,"ga1-13","Mock",2.72
2245,0.26,"ga1-13","Mock",2.71
2244,0.72,"ga1-13","Mock",2.59
2243,1.14,"ga1-13","Mock",2.92
2242,1.51,"ga1-13","Mock",2.87
2241,1.24,"ga1-13","Mock",2.44
2240,1.03,"ga1-13","Mock",2.97
2239,1.35,"ga1-13","Mock",2.63
2238,0.74,"ga1-13","Mock",2.88
2237,0.92,"ga1-13","Mock",2.34
2236,0.67,"ga1-13","Mock",2.67
2235,1.05,"ga1-13","Mock",2.62
2234,1.22,"ga1-13","Mock",2.98
2233,0.53,"ga1-13","Mock",2.55
2232,1.1,"ga1-13","Mock",2.3
2231,0.78,"ga1-13","Mock",2.62
2230,1.33,"ga1-13","Mock",2.7
2229,1.35,"ga1-13","Mock",2.74
2228,0.98,"ga1-13","Mock",2.39
2227,1.01,"ga1-13","Mock",2.8
2226,1.07,"ga1-13","Mock",2.78
2225,1.19,"ga1-13","Mock",2.63
2224,0.97,"ga1-13","Mock",2.59
2223,0.53,"ga1-13","Mock",2.47
2222,1.05,"ga1-13","Mock",2.85
2221,0.35,"ga1-13","Mock",2.6
2220,1.24,"ga1-13","Mock",2.72
2219,0.65,"ga1-13","Mock",2.92
2218,0.8,"ga1-13","Mock",2.52
2217,0.7,"ga1-13","Mock",2.59
2216,1.39,"ga1-13","Mock",2.8
2215,1.13,"ga1-13","Mock",2.53
2214,0.77,"ga1-13","Mock",2.82
2213,0.87,"ga1-13","Mock",2.75
2212,0.98,"ga1-13","Mock",2.75
2211,0.84,"ga1-13","Mock",2.76
2210,0.7,"ga1-13","Mock",2.4
2209,1.31,"ga1-13","Mock",2.84
2208,1.32,"ga1-13","Mock",2.43
2207,0.79,"ga1-13","Mock",2.74
2206,1.33,"ga1-13","Mock",2.57
2205,0.77,"ga1-13","Mock",2.64
2204,1.12,"ga1-13","Mock",2.78
2203,0.43,"ga1-13","Mock",2.61
2202,1.03,"ga1-13","Mock",2.36
2201,0.67,"ga1-13","Mock",2.89
2200,0.91,"ga1-13","Mock",2.67
2199,1.39,"ga1-13","Mock",2.64
2198,1.34,"ga1-13","Mock",2.99
2197,1.07,"ga1-13","Mock",3.05
2196,0.52,"ga1-13","Mock",2.93
2195,1.16,"ga1-13","Mock",2.98
2194,0.68,"ga1-13","Mock",2.88
2193,0.53,"ga1-13","Mock",2.78
2192,0.67,"ga1-13","Mock",2.96
2191,1.14,"ga1-13","Mock",2.57
2190,1.36,"ga1-13","Mock",2.76
2189,0.76,"ga1-13","Mock",2.69
2188,0.93,"ga1-13","Mock",2.91
2187,0.9,"ga1-13","Mock",2.92
2186,0.64,"ga1-13","Mock",2.87
2185,0.72,"ga1-13","Mock",2.57
2184,0.9,"ga1-13","Mock",2.97
2183,1.4,"ga1-13","Mock",2.73
2182,1.03,"ga1-13","Mock",2.78
2181,0.88,"ga1-13","Mock",2.55
2180,0.84,"ga1-13","Mock",3.04
2179,1.43,"ga1-13","Mock",2.91
2178,1.11,"ga1-13","Mock",2.56
2177,0.53,"ga1-13","Mock",2.41
2176,1.11,"ga1-13","Mock",2.49
2175,0.97,"ga1-13","Mock",2.72
2174,1.06,"ga1-13","Mock",2.34
2173,1.21,"ga1-13","Mock",2.49
2172,0.8,"ga1-13","Mock",2.61
2171,1.15,"ga1-13","Mock",2.73
2170,1.14,"ga1-13","Mock",2.4
2169,1,"ga1-13","Mock",2.97
2168,0.94,"ga1-13","Mock",2.59
2167,1.2,"ga1-13","Mock",2.73
2166,1.07,"ga1-13","Mock",2.53
2165,0.96,"ga1-13","Mock",3.09
2164,1.17,"ga1-13","Mock",2.74
2163,0.97,"ga1-13","Mock",3.01
2162,1.23,"ga1-13","Mock",2.58
2161,1.07,"ga1-13","Mock",2.71
2160,1.04,"ga1-13","Mock",2.79
2159,0.72,"ga1-13","Mock",2.63
2158,1.27,"ga1-13","Mock",2.62
2157,1.17,"ga1-13","Mock",2.95
2156,0.47,"ga1-13","Mock",2.9
2155,1.01,"ga1-13","Mock",2.81
2154,0.93,"ga1-13","Mock",2.66
2153,0.84,"ga1-13","Mock",2.75
2152,0.81,"ga1-13","Mock",2.6
2151,1.02,"ga1-13","Mock",2.99
2150,0.68,"ga1-13","Mock",2.8
2149,1.07,"ga1-13","Mock",2.41
2148,0.72,"ga1-13","Mock",2.82
2147,1.06,"ga1-13","Mock",3.12
2146,0.99,"ga1-13","Mock",2.67
2145,0.86,"ga1-13","Mock",2.39
2144,0.63,"ga1-13","Mock",2.63
2143,0.82,"ga1-13","Mock",2.69
2142,1.16,"ga1-13","Mock",2.73
2141,1.29,"ga1-13","Mock",2.85
2140,0.89,"ga1-13","Mock",2.73
2139,0.83,"ga1-13","Mock",2.74
2138,0.94,"ga1-13","Mock",2.34
2137,0.73,"ga1-13","Mock",2.66
2136,1.2,"ga1-13","Mock",2.83
2135,0.92,"ga1-13","Mock",3.03
2134,0.72,"ga1-13","Mock",2.56
2133,0.31,"ga1-13","Mock",2.29
2132,0.59,"ga1-13","Mock",2.65
2131,0.98,"ga1-13","Mock",2.79
2130,1.13,"ga1-13","Mock",2.89
2129,1.12,"ga1-13","Mock",2.82
2128,0.7,"ga1-13","Mock",2.21
2127,0.62,"ga1-13","Mock",2.87
2126,1.3,"ga1-13","Mock",2.49
2125,1.02,"ga1-13","Mock",2.82
2124,1.46,"ga1-13","Mock",2.95
2123,0.61,"ga1-13","Mock",2.92
2122,1.22,"ga1-13","Mock",2.45
2121,0.79,"ga1-13","Mock",2.87
2120,1.21,"ga1-13","Mock",2.75
2119,1.43,"ga1-13","Mock",2.78
2118,1.34,"ga1-13","Mock",2.74
2117,0.96,"ga1-13","Mock",2.91
2116,1.39,"ga1-13","Mock",2.58
2115,0.66,"ga1-13","Mock",2.76
2114,0.9,"ga1-13","Mock",2.64
2113,0.88,"ga1-13","Mock",2.84
2112,0.76,"ga1-13","Mock",2.53
2111,1.24,"ga1-13","Mock",2.6
2110,0.86,"ga1-13","Mock",2.4
2109,0.85,"ga1-13","Mock",2.86
2108,0.71,"ga1-13","Mock",2.77
2107,0.63,"ga1-13","Mock",2.62
2106,0.4,"ga1-13","Mock",2.8
2105,1.06,"ga1-13","Mock",2.81
2104,0.82,"ga1-13","Mock",2.67
2103,0.79,"ga1-13","Mock",2.73
2102,0.64,"ga1-13","Mock",2.7
2101,0.98,"ga1-13","Mock",2.99
2100,0.89,"ga1-13","Mock",2.5
2099,0.55,"ga1-13","Mock",2.8
2098,1.22,"ga1-13","Mock",2.75
2097,0.47,"ga1-13","Mock",2.37
2096,1.35,"ga1-13","Mock",2.81
2095,0.62,"ga1-13","Mock",2.85
2094,1.19,"ga1-13","Mock",2.86
2093,0.55,"ga1-13","Mock",2.78
2092,0.96,"ga1-13","Mock",3.03
2091,0.55,"ga1-13","Mock",2.83
2090,1.42,"ga1-13","Mock",2.66
2089,1.21,"ga1-13","Mock",2.72
2088,1.13,"ga1-13","Mock",2.71
2087,0.68,"ga1-13","Mock",2.48
2086,0.78,"ga1-13","Mock",2.68
2085,0.86,"ga1-13","Mock",2.73
2084,0.91,"ga1-13","Mock",2.63
2083,1.08,"ga1-13","Mock",2.42
2082,1.62,"ga1-13","Mock",2.95
2081,0.92,"ga1-13","Mock",2.81
2080,1.05,"ga1-13","Mock",2.85
2079,0.91,"ga1-13","Mock",2.69
2078,1.23,"ga1-13","Mock",2.52
2077,0.75,"ga1-13","Mock",2.5
2076,1,"ga1-13","Mock",2.91
2075,1.17,"ga1-13","Mock",2.81
2074,1.18,"ga1-13","Mock",2.45
2073,0.79,"ga1-13","Mock",2.62
2072,1,"ga1-13","Mock",2.96
2071,0.67,"ga1-13","Mock",2.75
2070,0.7,"ga1-13","Mock",2.54
2069,1.35,"ga1-13","Mock",2.86
2068,1,"ga1-13","Mock",2.56
2067,0.73,"ga1-13","Mock",2.65
2066,1.1,"ga1-13","Mock",2.41
2065,0.85,"ga1-13","Mock",2.68
2064,1.19,"ga1-13","Mock",2.8
2063,1.11,"ga1-13","Mock",2.68
2062,0.9,"ga1-13","Mock",2.81
2061,0.71,"ga1-13","Mock",2.63
2060,1.21,"ga1-13","Mock",2.96
2059,1.24,"ga1-13","Mock",2.66
2058,1.03,"ga1-13","Mock",2.48
2057,1.45,"ga1-13","Mock",2.79
2056,1.21,"ga1-13","Mock",2.73
2055,0.79,"ga1-13","Mock",2.66
2054,0.76,"ga1-13","Mock",2.92
2053,1.01,"ga1-13","Mock",2.66
2052,0.2,"ga1-13","Mock",2.64
2051,0.68,"ga1-13","Mock",2.9
2050,1.33,"ga1-13","Mock",2.94
2049,1.27,"ga1-13","Mock",2.88
2048,1.11,"ga1-13","Mock",2.44
2047,1.26,"ga1-13","Mock",2.53
2046,0.78,"ga1-13","Mock",2.92
2045,0.79,"ga1-13","Mock",2.19
2044,0.72,"ga1-13","Mock",2.73
2043,1.32,"ga1-13","Mock",2.87
2042,1.09,"ga1-13","Mock",3.02
2041,0.79,"ga1-13","Mock",3.08
2040,1.07,"ga1-13","Mock",2.54
2039,1.15,"ga1-13","Mock",2.74
2038,1.52,"ga1-13","Mock",2.93
2037,0.86,"ga1-13","Mock",2.64
2036,0.36,"ga1-13","Mock",3.04
2035,0.47,"ga1-13","Mock",2.4
2034,0.9,"ga1-13","Mock",2.62
2033,0.77,"ga1-13","Mock",2.81
2032,0.15,"ga1-13","Mock",2.61
2031,1.37,"ga1-13","Mock",2.85
2030,1.05,"ga1-13","Mock",2.79
2029,0.56,"ga1-13","Mock",2.97
2028,1.66,"ga1-13","Mock",2.63
2027,0.39,"ga1-13","Mock",2.59
2026,1.07,"ga1-13","Mock",2.7
2025,0.72,"ga1-13","Mock",2.57
2024,1.35,"ga1-13","Mock",2.86
2023,0.94,"ga1-13","Mock",2.93
2022,0.79,"ga1-13","Mock",2.57
2021,1.22,"ga1-13","Mock",2.59
2020,0.72,"ga1-13","Mock",2.6
2019,1.51,"ga1-13","Mock",2.6
2018,0.99,"ga1-13","Mock",2.36
2017,1.26,"ga1-13","Mock",2.62
2016,0.72,"ga1-13","Mock",2.49
2015,0.6,"ga1-13","Mock",2.92
2014,0.53,"ga1-13","Mock",2.48
2013,1.1,"ga1-13","Mock",2.77
2012,0.52,"ga1-13","Mock",2.88
2011,0.85,"ga1-13","Mock",2.82
2010,1.33,"ga1-13","Mock",2.49
2009,0.6,"ga1-13","Mock",2.76
2008,0.54,"ga1-13","Mock",2.9
2007,0.85,"ga1-13","Mock",2.56
2006,0.72,"ga1-13","Mock",2.69
2005,0.82,"ga1-13","Mock",2.57
2004,1.2,"ga1-13","Mock",3.13
2003,0.45,"ga1-13","Mock",2.56
2002,1.2,"ga1-13","Mock",2.47
2001,0.81,"ga1-13","Mock",2.78
2000,5.66,"dP","Mock",0.53
1999,6.36,"dP","Mock",0.74
1998,7.46,"dP","Mock",1.21
1997,6.17,"dP","Mock",0.85
1996,5.94,"dP","Mock",1.23
1995,4.85,"dP","Mock",1.04
1994,6.71,"dP","Mock",1.31
1993,5.98,"dP","Mock",0.58
1992,5.6,"dP","Mock",0.96
1991,5.51,"dP","Mock",0.93
1990,5.09,"dP","Mock",1.02
1989,5.76,"dP","Mock",1.05
1988,6.49,"dP","Mock",1.06
1987,6.65,"dP","Mock",1.08
1986,5.36,"dP","Mock",0.51
1985,5.94,"dP","Mock",1
1984,7.01,"dP","Mock",0.86
1983,6.05,"dP","Mock",0.6
1982,6.17,"dP","Mock",1.02
1981,6.05,"dP","Mock",1.21
1980,6.34,"dP","Mock",0.8
1979,6.87,"dP","Mock",0.72
1978,8.71,"dP","Mock",0.86
1977,6.13,"dP","Mock",0.74
1976,5.06,"dP","Mock",0.97
1975,5.4,"dP","Mock",1
1974,6.54,"dP","Mock",0.66
1973,4.93,"dP","Mock",0.93
1972,6.5,"dP","Mock",0.82
1971,5.42,"dP","Mock",1
1970,5.76,"dP","Mock",0.78
1969,5.95,"dP","Mock",0.85
1968,4.92,"dP","Mock",1.55
1967,6.15,"dP","Mock",0.6
1966,7.58,"dP","Mock",1.12
1965,6.8,"dP","Mock",0.76
1964,6.3,"dP","Mock",0.83
1963,5.64,"dP","Mock",0.81
1962,5.15,"dP","Mock",0.95
1961,6.71,"dP","Mock",1.15
1960,6.58,"dP","Mock",0.94
1959,5.6,"dP","Mock",0.92
1958,6.41,"dP","Mock",0.89
1957,6.87,"dP","Mock",0.95
1956,6.04,"dP","Mock",0.59
1955,5.94,"dP","Mock",1.14
1954,3.93,"dP","Mock",1
1953,6.31,"dP","Mock",1.09
1952,6.7,"dP","Mock",0.94
1951,7.76,"dP","Mock",0.8
1950,6.4,"dP","Mock",0.94
1949,6.23,"dP","Mock",0.94
1948,7.35,"dP","Mock",1
1947,6.64,"dP","Mock",0.92
1946,7.75,"dP","Mock",1.42
1945,5.77,"dP","Mock",0.67
1944,6.25,"dP","Mock",1.34
1943,5.13,"dP","Mock",1.26
1942,5.5,"dP","Mock",0.91
1941,5.88,"dP","Mock",0.88
1940,6.57,"dP","Mock",1.06
1939,7.49,"dP","Mock",1.51
1938,8.34,"dP","Mock",0.94
1937,6.82,"dP","Mock",1.01
1936,5.34,"dP","Mock",0.98
1935,6.3,"dP","Mock",1.16
1934,7.97,"dP","Mock",1.14
1933,4.86,"dP","Mock",1.29
1932,5.89,"dP","Mock",1.01
1931,5.8,"dP","Mock",1.28
1930,5.22,"dP","Mock",0.98
1929,5.72,"dP","Mock",1.3
1928,7.42,"dP","Mock",1.07
1927,3.91,"dP","Mock",0.7
1926,7.32,"dP","Mock",0.85
1925,6.17,"dP","Mock",0.7
1924,6.35,"dP","Mock",0.93
1923,6.73,"dP","Mock",0.64
1922,4.13,"dP","Mock",0.89
1921,4.9,"dP","Mock",1.08
1920,4.3,"dP","Mock",1.23
1919,6.78,"dP","Mock",1.13
1918,7.37,"dP","Mock",0.91
1917,8.17,"dP","Mock",0.87
1916,4.64,"dP","Mock",0.88
1915,7.33,"dP","Mock",1.02
1914,5.63,"dP","Mock",0.82
1913,5.34,"dP","Mock",1.04
1912,6.03,"dP","Mock",1.03
1911,6.79,"dP","Mock",1.16
1910,5.13,"dP","Mock",1.36
1909,6.35,"dP","Mock",0.7
1908,5.84,"dP","Mock",1.55
1907,6.48,"dP","Mock",1.03
1906,5.47,"dP","Mock",0.75
1905,7.16,"dP","Mock",0.75
1904,5.09,"dP","Mock",1.1
1903,5.77,"dP","Mock",0.92
1902,5.58,"dP","Mock",0.87
1901,7.45,"dP","Mock",1.11
1900,6.87,"dP","Mock",1.06
1899,5.86,"dP","Mock",0.9
1898,5.68,"dP","Mock",0.93
1897,6.25,"dP","Mock",0.78
1896,4.08,"dP","Mock",1.03
1895,6.04,"dP","Mock",1.08
1894,7.11,"dP","Mock",1.12
1893,4.96,"dP","Mock",1.3
1892,5.19,"dP","Mock",0.85
1891,5.18,"dP","Mock",1.01
1890,6.67,"dP","Mock",0.82
1889,6.8,"dP","Mock",1.22
1888,6.06,"dP","Mock",1.2
1887,6.04,"dP","Mock",1.11
1886,7.4,"dP","Mock",0.92
1885,6.33,"dP","Mock",0.5
1884,6.51,"dP","Mock",1.03
1883,6.63,"dP","Mock",1.21
1882,6.39,"dP","Mock",0.73
1881,6.26,"dP","Mock",1.2
1880,7.1,"dP","Mock",1
1879,4.48,"dP","Mock",0.83
1878,5.57,"dP","Mock",1.13
1877,5.59,"dP","Mock",0.86
1876,6.84,"dP","Mock",1.16
1875,6.57,"dP","Mock",0.48
1874,5.34,"dP","Mock",1.02
1873,5.3,"dP","Mock",0.86
1872,5.26,"dP","Mock",1.31
1871,5.16,"dP","Mock",1.15
1870,5.61,"dP","Mock",0.92
1869,6.2,"dP","Mock",1.22
1868,6.96,"dP","Mock",1.14
1867,7.41,"dP","Mock",0.82
1866,5.75,"dP","Mock",1.31
1865,3.63,"dP","Mock",1.1
1864,6.72,"dP","Mock",0.97
1863,4.65,"dP","Mock",0.96
1862,4.97,"dP","Mock",0.94
1861,6.01,"dP","Mock",1.35
1860,6.33,"dP","Mock",1.13
1859,7.13,"dP","Mock",1.05
1858,5.59,"dP","Mock",0.71
1857,6.53,"dP","Mock",0.78
1856,6.76,"dP","Mock",0.87
1855,4.64,"dP","Mock",1.05
1854,5.76,"dP","Mock",0.98
1853,5.61,"dP","Mock",1.06
1852,6.23,"dP","Mock",0.74
1851,6.7,"dP","Mock",1.13
1850,6.03,"dP","Mock",0.98
1849,4.37,"dP","Mock",0.95
1848,4.48,"dP","Mock",0.47
1847,5.59,"dP","Mock",0.75
1846,5.11,"dP","Mock",1.2
1845,5.73,"dP","Mock",0.99
1844,6.33,"dP","Mock",1.27
1843,4.24,"dP","Mock",1.09
1842,8.44,"dP","Mock",1.11
1841,8.05,"dP","Mock",0.77
1840,4.45,"dP","Mock",1.03
1839,4.79,"dP","Mock",1.14
1838,6.83,"dP","Mock",0.66
1837,5.76,"dP","Mock",0.61
1836,6.85,"dP","Mock",1
1835,5.4,"dP","Mock",1.01
1834,6.49,"dP","Mock",0.63
1833,6.07,"dP","Mock",0.99
1832,6.71,"dP","Mock",0.85
1831,6.02,"dP","Mock",0.52
1830,5.54,"dP","Mock",0.94
1829,5.77,"dP","Mock",1.01
1828,5.64,"dP","Mock",0.87
1827,6.13,"dP","Mock",0.78
1826,5.45,"dP","Mock",1.16
1825,5.98,"dP","Mock",0.86
1824,5.27,"dP","Mock",0.7
1823,6.66,"dP","Mock",1.36
1822,5.14,"dP","Mock",0.82
1821,3.78,"dP","Mock",1
1820,6.44,"dP","Mock",1.28
1819,4.7,"dP","Mock",0.94
1818,5.22,"dP","Mock",0.92
1817,5.11,"dP","Mock",0.56
1816,5.34,"dP","Mock",0.76
1815,6.01,"dP","Mock",1.1
1814,5.27,"dP","Mock",1.2
1813,7.46,"dP","Mock",1.1
1812,6.12,"dP","Mock",1
1811,6.82,"dP","Mock",1.05
1810,6.3,"dP","Mock",1.15
1809,6.21,"dP","Mock",0.54
1808,6.09,"dP","Mock",0.9
1807,6.76,"dP","Mock",0.89
1806,5.75,"dP","Mock",1.01
1805,6.14,"dP","Mock",1.15
1804,6.55,"dP","Mock",1.31
1803,6.55,"dP","Mock",0.9
1802,5.52,"dP","Mock",1.08
1801,5.93,"dP","Mock",1.02
1800,4.86,"dP","Mock",0.93
1799,6.36,"dP","Mock",0.61
1798,6.89,"dP","Mock",1.16
1797,4.92,"dP","Mock",1.09
1796,6.83,"dP","Mock",1.08
1795,7.22,"dP","Mock",0.72
1794,7.03,"dP","Mock",1.34
1793,5.53,"dP","Mock",0.67
1792,7.78,"dP","Mock",0.78
1791,6.35,"dP","Mock",0.77
1790,6.01,"dP","Mock",0.86
1789,4.78,"dP","Mock",0.67
1788,6.22,"dP","Mock",0.95
1787,6.98,"dP","Mock",1.39
1786,7.57,"dP","Mock",0.84
1785,7.69,"dP","Mock",1.01
1784,4.76,"dP","Mock",0.84
1783,6.72,"dP","Mock",0.98
1782,6.02,"dP","Mock",0.72
1781,4.92,"dP","Mock",1.04
1780,6.62,"dP","Mock",1.01
1779,5.7,"dP","Mock",0.85
1778,5.74,"dP","Mock",0.68
1777,7.64,"dP","Mock",1.2
1776,5.8,"dP","Mock",0.86
1775,7.25,"dP","Mock",0.93
1774,6.52,"dP","Mock",0.77
1773,7.1,"dP","Mock",1.41
1772,6.18,"dP","Mock",0.77
1771,6.3,"dP","Mock",1.22
1770,6.44,"dP","Mock",0.82
1769,6.35,"dP","Mock",1.22
1768,5.2,"dP","Mock",1.23
1767,5.87,"dP","Mock",0.98
1766,5.28,"dP","Mock",0.92
1765,6.96,"dP","Mock",1.13
1764,6.47,"dP","Mock",0.83
1763,7.14,"dP","Mock",0.87
1762,5.45,"dP","Mock",0.99
1761,6.79,"dP","Mock",0.87
1760,6.12,"dP","Mock",0.95
1759,6.39,"dP","Mock",1.04
1758,5.26,"dP","Mock",0.88
1757,7.12,"dP","Mock",0.76
1756,6.35,"dP","Mock",1.11
1755,6.43,"dP","Mock",0.86
1754,7.26,"dP","Mock",1.07
1753,6.48,"dP","Mock",0.61
1752,7.71,"dP","Mock",1.1
1751,6.57,"dP","Mock",1.04
1750,6.58,"dP","Mock",1.09
1749,5.18,"dP","Mock",0.78
1748,6.37,"dP","Mock",1.22
1747,5.66,"dP","Mock",1.2
1746,6.14,"dP","Mock",0.58
1745,6.06,"dP","Mock",0.55
1744,7.01,"dP","Mock",0.95
1743,6.33,"dP","Mock",0.85
1742,5.62,"dP","Mock",1.23
1741,7.39,"dP","Mock",0.77
1740,7.28,"dP","Mock",1
1739,3.99,"dP","Mock",1.16
1738,6.02,"dP","Mock",0.7
1737,6.62,"dP","Mock",0.91
1736,8.18,"dP","Mock",0.95
1735,6.03,"dP","Mock",0.65
1734,5.75,"dP","Mock",0.9
1733,5.16,"dP","Mock",1.14
1732,5.91,"dP","Mock",1.02
1731,5.09,"dP","Mock",0.9
1730,6.16,"dP","Mock",0.93
1729,4.13,"dP","Mock",0.83
1728,4.11,"dP","Mock",0.66
1727,7.87,"dP","Mock",1.38
1726,4.39,"dP","Mock",1.11
1725,6.06,"dP","Mock",1.22
1724,6.79,"dP","Mock",0.77
1723,5.43,"dP","Mock",1.32
1722,6.24,"dP","Mock",1.08
1721,4.85,"dP","Mock",0.74
1720,7.34,"dP","Mock",0.93
1719,5.65,"dP","Mock",0.78
1718,7.21,"dP","Mock",1.15
1717,7.56,"dP","Mock",1.19
1716,6.43,"dP","Mock",0.96
1715,6.57,"dP","Mock",1.15
1714,6.56,"dP","Mock",0.83
1713,6.67,"dP","Mock",1.05
1712,5.56,"dP","Mock",0.83
1711,4.86,"dP","Mock",0.77
1710,5.25,"dP","Mock",1.02
1709,6.24,"dP","Mock",0.88
1708,6.79,"dP","Mock",1.24
1707,5.56,"dP","Mock",0.96
1706,4.31,"dP","Mock",0.72
1705,5.44,"dP","Mock",1.18
1704,6.04,"dP","Mock",0.89
1703,4.86,"dP","Mock",0.92
1702,6.58,"dP","Mock",1.36
1701,4.98,"dP","Mock",1
1700,5.32,"dP","Mock",0.91
1699,6.87,"dP","Mock",1.1
1698,5.35,"dP","Mock",0.6
1697,5.89,"dP","Mock",0.92
1696,6.31,"dP","Mock",0.94
1695,4.6,"dP","Mock",0.66
1694,6.34,"dP","Mock",1.13
1693,5.27,"dP","Mock",1.09
1692,7.08,"dP","Mock",1.18
1691,6.26,"dP","Mock",0.97
1690,3.87,"dP","Mock",0.67
1689,5.1,"dP","Mock",1.28
1688,5.44,"dP","Mock",1.23
1687,5.22,"dP","Mock",1
1686,5.27,"dP","Mock",0.6
1685,7.69,"dP","Mock",0.91
1684,5.53,"dP","Mock",1.45
1683,6.25,"dP","Mock",0.89
1682,6.39,"dP","Mock",1.05
1681,5.65,"dP","Mock",1.31
1680,5.24,"dP","Mock",0.99
1679,5.28,"dP","Mock",0.67
1678,7.04,"dP","Mock",1.02
1677,5.54,"dP","Mock",1.09
1676,8.26,"dP","Mock",1.03
1675,7.4,"dP","Mock",0.72
1674,4.63,"dP","Mock",0.86
1673,7.04,"dP","Mock",1.12
1672,6.93,"dP","Mock",1.11
1671,5.71,"dP","Mock",0.84
1670,5.28,"dP","Mock",0.99
1669,6.09,"dP","Mock",0.83
1668,5.43,"dP","Mock",1.14
1667,7.04,"dP","Mock",1.17
1666,6.63,"dP","Mock",1.07
1665,6.85,"dP","Mock",0.96
1664,6.13,"dP","Mock",0.97
1663,6.47,"dP","Mock",1.16
1662,5.92,"dP","Mock",0.9
1661,5.85,"dP","Mock",0.97
1660,5.86,"dP","Mock",0.47
1659,6.39,"dP","Mock",1.25
1658,6.98,"dP","Mock",1
1657,6.42,"dP","Mock",0.92
1656,7.22,"dP","Mock",0.94
1655,4.52,"dP","Mock",0.93
1654,6.69,"dP","Mock",1.01
1653,4.91,"dP","Mock",0.99
1652,4.41,"dP","Mock",1.33
1651,5.3,"dP","Mock",1.39
1650,6.24,"dP","Mock",1.07
1649,5.27,"dP","Mock",1.42
1648,5.37,"dP","Mock",0.96
1647,6.65,"dP","Mock",0.9
1646,5.12,"dP","Mock",1.21
1645,5.88,"dP","Mock",1.07
1644,6.21,"dP","Mock",1.24
1643,6.37,"dP","Mock",1.16
1642,6.77,"dP","Mock",1.32
1641,5.71,"dP","Mock",0.75
1640,7.3,"dP","Mock",0.81
1639,6.7,"dP","Mock",1.27
1638,4.18,"dP","Mock",0.86
1637,6.06,"dP","Mock",1
1636,6.35,"dP","Mock",0.91
1635,6.51,"dP","Mock",1.4
1634,5.76,"dP","Mock",0.67
1633,4.31,"dP","Mock",1.1
1632,6.84,"dP","Mock",0.85
1631,6.59,"dP","Mock",0.9
1630,6.94,"dP","Mock",1.16
1629,5.82,"dP","Mock",0.97
1628,6.96,"dP","Mock",0.98
1627,6.09,"dP","Mock",0.94
1626,7.2,"dP","Mock",0.79
1625,6.41,"dP","Mock",1.19
1624,5.24,"dP","Mock",0.75
1623,4.35,"dP","Mock",0.65
1622,5.46,"dP","Mock",0.87
1621,6.26,"dP","Mock",0.86
1620,4.87,"dP","Mock",0.58
1619,7.02,"dP","Mock",1.1
1618,4.36,"dP","Mock",0.98
1617,5.91,"dP","Mock",0.73
1616,6.77,"dP","Mock",0.64
1615,4.14,"dP","Mock",1.29
1614,5.19,"dP","Mock",1.14
1613,4.78,"dP","Mock",0.65
1612,6.72,"dP","Mock",0.81
1611,5.42,"dP","Mock",0.82
1610,5.03,"dP","Mock",0.78
1609,5.57,"dP","Mock",0.99
1608,7.31,"dP","Mock",0.8
1607,5.01,"dP","Mock",0.79
1606,5.64,"dP","Mock",0.9
1605,5.71,"dP","Mock",0.86
1604,3.81,"dP","Mock",0.86
1603,6.55,"dP","Mock",0.89
1602,6.08,"dP","Mock",1.15
1601,8.4,"dP","Mock",1.19
1600,5.95,"dP","Mock",0.94
1599,6.11,"dP","Mock",1.14
1598,7.17,"dP","Mock",0.7
1597,5.36,"dP","Mock",1
1596,6.55,"dP","Mock",1.18
1595,6.7,"dP","Mock",0.99
1594,5.06,"dP","Mock",0.75
1593,7.77,"dP","Mock",1.16
1592,5.09,"dP","Mock",0.97
1591,5.31,"dP","Mock",0.78
1590,3.73,"dP","Mock",1.06
1589,5.52,"dP","Mock",1.24
1588,7.3,"dP","Mock",0.52
1587,5.66,"dP","Mock",0.92
1586,6.4,"dP","Mock",1.01
1585,5.37,"dP","Mock",0.81
1584,4.78,"dP","Mock",0.87
1583,7.57,"dP","Mock",1.1
1582,6.44,"dP","Mock",1.1
1581,5.5,"dP","Mock",1.17
1580,5.52,"dP","Mock",0.99
1579,7.86,"dP","Mock",0.92
1578,6.28,"dP","Mock",0.98
1577,5.15,"dP","Mock",0.63
1576,7.39,"dP","Mock",0.73
1575,6.36,"dP","Mock",0.97
1574,5.96,"dP","Mock",1.35
1573,7.52,"dP","Mock",0.55
1572,6.68,"dP","Mock",1.03
1571,6.01,"dP","Mock",0.86
1570,5.43,"dP","Mock",1.04
1569,3.07,"dP","Mock",1.24
1568,4.15,"dP","Mock",1.06
1567,7,"dP","Mock",1.13
1566,6.01,"dP","Mock",1.08
1565,6.8,"dP","Mock",1.05
1564,4.97,"dP","Mock",0.97
1563,5.42,"dP","Mock",1.13
1562,4.86,"dP","Mock",1.08
1561,7.02,"dP","Mock",1.26
1560,5.29,"dP","Mock",1.14
1559,6.3,"dP","Mock",0.81
1558,5.38,"dP","Mock",0.66
1557,5.34,"dP","Mock",1.21
1556,6.29,"dP","Mock",0.83
1555,4.49,"dP","Mock",1.18
1554,5.38,"dP","Mock",1.25
1553,6.54,"dP","Mock",1.4
1552,5.84,"dP","Mock",0.92
1551,8.1,"dP","Mock",0.99
1550,6.26,"dP","Mock",0.72
1549,6.9,"dP","Mock",1.1
1548,3.93,"dP","Mock",1.53
1547,6.53,"dP","Mock",1.46
1546,5.61,"dP","Mock",1.26
1545,6.27,"dP","Mock",1.14
1544,4.32,"dP","Mock",0.82
1543,6.83,"dP","Mock",1.08
1542,6.73,"dP","Mock",0.84
1541,6.08,"dP","Mock",0.89
1540,7.54,"dP","Mock",1.04
1539,5.11,"dP","Mock",1.32
1538,6.08,"dP","Mock",1.12
1537,7.3,"dP","Mock",1.01
1536,6.08,"dP","Mock",1.2
1535,6.66,"dP","Mock",1.35
1534,4.98,"dP","Mock",0.89
1533,6.87,"dP","Mock",1.15
1532,4.31,"dP","Mock",1.21
1531,6.18,"dP","Mock",0.94
1530,5.11,"dP","Mock",0.93
1529,7.5,"dP","Mock",0.86
1528,4.5,"dP","Mock",0.85
1527,7.45,"dP","Mock",1.22
1526,6.82,"dP","Mock",1.19
1525,6.74,"dP","Mock",0.87
1524,5.38,"dP","Mock",1.08
1523,6.99,"dP","Mock",1
1522,5.41,"dP","Mock",0.9
1521,5.83,"dP","Mock",0.91
1520,5.92,"dP","Mock",0.93
1519,5.71,"dP","Mock",1.08
1518,7.6,"dP","Mock",0.81
1517,7.2,"dP","Mock",1.15
1516,7.61,"dP","Mock",1.13
1515,5.53,"dP","Mock",1.18
1514,6.21,"dP","Mock",0.78
1513,5.33,"dP","Mock",1.34
1512,5.22,"dP","Mock",1.03
1511,4.88,"dP","Mock",0.93
1510,6.19,"dP","Mock",0.85
1509,6.37,"dP","Mock",1.14
1508,5.09,"dP","Mock",0.74
1507,4.83,"dP","Mock",1.11
1506,3.79,"dP","Mock",1.27
1505,5.79,"dP","Mock",1.1
1504,6.45,"dP","Mock",1.31
1503,5.66,"dP","Mock",1.31
1502,4.73,"dP","Mock",1.12
1501,7.62,"dP","Mock",1.11
1500,1.36,"Col-0","PAC",1.93
1499,0.78,"Col-0","PAC",3.25
1498,1.36,"Col-0","PAC",3.33
1497,0.87,"Col-0","PAC",2.85
1496,1.16,"Col-0","PAC",2.82
1495,0.66,"Col-0","PAC",3.07
1494,0.87,"Col-0","PAC",3.63
1493,0.87,"Col-0","PAC",2.9
1492,0.55,"Col-0","PAC",3.04
1491,1.47,"Col-0","PAC",2.04
1490,0.81,"Col-0","PAC",2.5
1489,1.14,"Col-0","PAC",2.39
1488,0.94,"Col-0","PAC",2.63
1487,1.58,"Col-0","PAC",2.8
1486,1.24,"Col-0","PAC",2.57
1485,0.87,"Col-0","PAC",2.21
1484,1.4,"Col-0","PAC",2.85
1483,0.83,"Col-0","PAC",2.85
1482,1.17,"Col-0","PAC",2.09
1481,0.85,"Col-0","PAC",3.26
1480,0.88,"Col-0","PAC",3.26
1479,1.1,"Col-0","PAC",2.65
1478,1.22,"Col-0","PAC",2.58
1477,1.24,"Col-0","PAC",2.89
1476,0.95,"Col-0","PAC",2.88
1475,1.17,"Col-0","PAC",2.71
1474,1.15,"Col-0","PAC",2.92
1473,1.72,"Col-0","PAC",2.22
1472,1.2,"Col-0","PAC",2.55
1471,1.03,"Col-0","PAC",2.38
1470,0.85,"Col-0","PAC",2.69
1469,0.73,"Col-0","PAC",2.51
1468,0.85,"Col-0","PAC",2.51
1467,1.17,"Col-0","PAC",2.66
1466,0.79,"Col-0","PAC",1.97
1465,1.07,"Col-0","PAC",3.18
1464,1.16,"Col-0","PAC",2.91
1463,1.52,"Col-0","PAC",2.55
1462,1.41,"Col-0","PAC",3.43
1461,1.01,"Col-0","PAC",2.68
1460,0.7,"Col-0","PAC",3.41
1459,1.35,"Col-0","PAC",2.59
1458,1.19,"Col-0","PAC",2.39
1457,0.97,"Col-0","PAC",3.25
1456,1.27,"Col-0","PAC",3.47
1455,1.29,"Col-0","PAC",2.84
1454,0.74,"Col-0","PAC",2.23
1453,1.7,"Col-0","PAC",2.7
1452,1.25,"Col-0","PAC",3.01
1451,0.69,"Col-0","PAC",1.77
1450,1.16,"Col-0","PAC",2.49
1449,0.9,"Col-0","PAC",2.72
1448,0.6,"Col-0","PAC",2.75
1447,1.22,"Col-0","PAC",3.56
1446,0.75,"Col-0","PAC",3.21
1445,1.01,"Col-0","PAC",2.71
1444,1.05,"Col-0","PAC",2.77
1443,0.74,"Col-0","PAC",2.56
1442,0.96,"Col-0","PAC",2.58
1441,0.86,"Col-0","PAC",2.51
1440,0.74,"Col-0","PAC",2.4
1439,1.33,"Col-0","PAC",2.54
1438,1.15,"Col-0","PAC",3.34
1437,1.1,"Col-0","PAC",3.06
1436,0.88,"Col-0","PAC",2.89
1435,1,"Col-0","PAC",1.96
1434,0.87,"Col-0","PAC",2.45
1433,0.52,"Col-0","PAC",3.59
1432,1.09,"Col-0","PAC",3.1
1431,0.77,"Col-0","PAC",2.72
1430,1.01,"Col-0","PAC",2.88
1429,1.26,"Col-0","PAC",2.72
1428,1.19,"Col-0","PAC",2.45
1427,0.58,"Col-0","PAC",2.6
1426,0.97,"Col-0","PAC",2.74
1425,0.9,"Col-0","PAC",2.97
1424,0.89,"Col-0","PAC",2.24
1423,0.95,"Col-0","PAC",3.26
1422,1.49,"Col-0","PAC",2.68
1421,1.35,"Col-0","PAC",3.41
1420,1.17,"Col-0","PAC",2.8
1419,1.17,"Col-0","PAC",3.24
1418,1.16,"Col-0","PAC",3.33
1417,0.77,"Col-0","PAC",2.51
1416,1.1,"Col-0","PAC",2.63
1415,1,"Col-0","PAC",1.88
1414,1.41,"Col-0","PAC",2.41
1413,1.48,"Col-0","PAC",2.21
1412,1.17,"Col-0","PAC",3.04
1411,1.22,"Col-0","PAC",2.84
1410,0.99,"Col-0","PAC",2.46
1409,0.28,"Col-0","PAC",3.17
1408,0.94,"Col-0","PAC",2.16
1407,0.98,"Col-0","PAC",2.62
1406,0.83,"Col-0","PAC",2.73
1405,0.79,"Col-0","PAC",2.51
1404,0.76,"Col-0","PAC",1.91
1403,1.12,"Col-0","PAC",2.63
1402,0.86,"Col-0","PAC",3.4
1401,1.22,"Col-0","PAC",2.35
1400,0.77,"Col-0","PAC",3.02
1399,0.56,"Col-0","PAC",2.65
1398,1.29,"Col-0","PAC",2.14
1397,1.08,"Col-0","PAC",2.44
1396,0.73,"Col-0","PAC",1.85
1395,1.25,"Col-0","PAC",1.97
1394,0.46,"Col-0","PAC",2.71
1393,1,"Col-0","PAC",2.41
1392,0.68,"Col-0","PAC",2.23
1391,1.22,"Col-0","PAC",2.64
1390,1.6,"Col-0","PAC",3.38
1389,1.3,"Col-0","PAC",3.18
1388,1.65,"Col-0","PAC",2.46
1387,0.58,"Col-0","PAC",2.05
1386,1.26,"Col-0","PAC",3.28
1385,1.2,"Col-0","PAC",2.53
1384,0.59,"Col-0","PAC",2.64
1383,1.07,"Col-0","PAC",2.67
1382,1.16,"Col-0","PAC",2.81
1381,1.34,"Col-0","PAC",2.18
1380,1.2,"Col-0","PAC",3.46
1379,1.16,"Col-0","PAC",2.91
1378,1.62,"Col-0","PAC",2.99
1377,0.95,"Col-0","PAC",3.46
1376,0.84,"Col-0","PAC",1.84
1375,1.07,"Col-0","PAC",2.42
1374,1.48,"Col-0","PAC",3.18
1373,0.85,"Col-0","PAC",2.43
1372,1.01,"Col-0","PAC",2.03
1371,0.73,"Col-0","PAC",2.45
1370,0.9,"Col-0","PAC",2.84
1369,1.12,"Col-0","PAC",2.61
1368,1.18,"Col-0","PAC",2.36
1367,1.2,"Col-0","PAC",2.61
1366,0.73,"Col-0","PAC",2.83
1365,1.14,"Col-0","PAC",3.13
1364,1.02,"Col-0","PAC",2.75
1363,1.59,"Col-0","PAC",2.6
1362,1.8,"Col-0","PAC",2.24
1361,1.42,"Col-0","PAC",2.21
1360,0.53,"Col-0","PAC",2.81
1359,1.1,"Col-0","PAC",2.19
1358,0.91,"Col-0","PAC",2.8
1357,0.96,"Col-0","PAC",2.48
1356,1.33,"Col-0","PAC",2.65
1355,1.06,"Col-0","PAC",3.62
1354,1.07,"Col-0","PAC",2.92
1353,1.14,"Col-0","PAC",1.96
1352,0.82,"Col-0","PAC",2.62
1351,0.88,"Col-0","PAC",2.83
1350,1.31,"Col-0","PAC",2.95
1349,1.19,"Col-0","PAC",2.8
1348,1.44,"Col-0","PAC",2.34
1347,1.14,"Col-0","PAC",2.6
1346,0.6,"Col-0","PAC",2.16
1345,0.47,"Col-0","PAC",2.46
1344,0.86,"Col-0","PAC",2.7
1343,1.21,"Col-0","PAC",2.32
1342,0.46,"Col-0","PAC",2.68
1341,1.2,"Col-0","PAC",2.95
1340,1.14,"Col-0","PAC",2.55
1339,1.22,"Col-0","PAC",3.32
1338,1.34,"Col-0","PAC",2.39
1337,0.73,"Col-0","PAC",2.46
1336,1.21,"Col-0","PAC",3.2
1335,1.24,"Col-0","PAC",2.83
1334,1.17,"Col-0","PAC",2.95
1333,0.92,"Col-0","PAC",3.17
1332,0.88,"Col-0","PAC",2.27
1331,0.98,"Col-0","PAC",2.27
1330,1.14,"Col-0","PAC",2.62
1329,0.61,"Col-0","PAC",3.13
1328,0.96,"Col-0","PAC",2.59
1327,1.25,"Col-0","PAC",2.68
1326,0.93,"Col-0","PAC",2.3
1325,0.82,"Col-0","PAC",2.8
1324,1.08,"Col-0","PAC",3.1
1323,0.79,"Col-0","PAC",2.76
1322,1.14,"Col-0","PAC",2.54
1321,0.85,"Col-0","PAC",2.55
1320,1.41,"Col-0","PAC",2.48
1319,0.89,"Col-0","PAC",2.74
1318,0.52,"Col-0","PAC",2.71
1317,0.9,"Col-0","PAC",3.27
1316,0.45,"Col-0","PAC",2.46
1315,0.81,"Col-0","PAC",2.37
1314,0.9,"Col-0","PAC",2.58
1313,1.11,"Col-0","PAC",2.06
1312,1.07,"Col-0","PAC",2.89
1311,1.14,"Col-0","PAC",2.4
1310,0.88,"Col-0","PAC",2.85
1309,0.7,"Col-0","PAC",2.07
1308,0.91,"Col-0","PAC",2.38
1307,1.27,"Col-0","PAC",2.69
1306,1.31,"Col-0","PAC",2.72
1305,1.31,"Col-0","PAC",2.82
1304,0.86,"Col-0","PAC",2.12
1303,0.87,"Col-0","PAC",2.88
1302,0.87,"Col-0","PAC",2.55
1301,1.27,"Col-0","PAC",2.59
1300,0.77,"Col-0","PAC",3.32
1299,0.38,"Col-0","PAC",2.32
1298,0.86,"Col-0","PAC",2.65
1297,1.58,"Col-0","PAC",2.49
1296,0.57,"Col-0","PAC",2.91
1295,0.93,"Col-0","PAC",2.83
1294,1.09,"Col-0","PAC",3.15
1293,1.53,"Col-0","PAC",2.73
1292,1.29,"Col-0","PAC",2.58
1291,0.91,"Col-0","PAC",1.9
1290,0.72,"Col-0","PAC",2.21
1289,0.98,"Col-0","PAC",2.3
1288,1.12,"Col-0","PAC",2.88
1287,0.88,"Col-0","PAC",3.17
1286,1.11,"Col-0","PAC",3.11
1285,1.06,"Col-0","PAC",3.01
1284,0.95,"Col-0","PAC",2.51
1283,0.99,"Col-0","PAC",2.71
1282,1.41,"Col-0","PAC",2.98
1281,0.66,"Col-0","PAC",2.7
1280,0.76,"Col-0","PAC",2.22
1279,1.25,"Col-0","PAC",2.95
1278,1.02,"Col-0","PAC",2.42
1277,1.02,"Col-0","PAC",2.53
1276,1.3,"Col-0","PAC",2.33
1275,1.2,"Col-0","PAC",2.77
1274,1.25,"Col-0","PAC",2.63
1273,1.13,"Col-0","PAC",2.74
1272,1.53,"Col-0","PAC",2.59
1271,0.86,"Col-0","PAC",1.88
1270,1.06,"Col-0","PAC",3.04
1269,0.41,"Col-0","PAC",3.14
1268,1.18,"Col-0","PAC",2.1
1267,1.13,"Col-0","PAC",3.04
1266,1.07,"Col-0","PAC",2.06
1265,0.74,"Col-0","PAC",3.29
1264,1,"Col-0","PAC",2.38
1263,1.02,"Col-0","PAC",2.91
1262,0.98,"Col-0","PAC",2.33
1261,1.43,"Col-0","PAC",2.21
1260,1.11,"Col-0","PAC",1.99
1259,1.16,"Col-0","PAC",2.5
1258,0.52,"Col-0","PAC",2.43
1257,1.44,"Col-0","PAC",2.77
1256,1.03,"Col-0","PAC",3.43
1255,1.05,"Col-0","PAC",3.08
1254,0.97,"Col-0","PAC",2.82
1253,0.56,"Col-0","PAC",2.42
1252,1.55,"Col-0","PAC",3.08
1251,1.17,"Col-0","PAC",2.63
1250,0.97,"Col-0","PAC",2.35
1249,0.29,"Col-0","PAC",2.21
1248,1.24,"Col-0","PAC",2.53
1247,1.22,"Col-0","PAC",3
1246,1.38,"Col-0","PAC",2.91
1245,1.25,"Col-0","PAC",3.05
1244,1.06,"Col-0","PAC",2.66
1243,0.9,"Col-0","PAC",3.08
1242,1.45,"Col-0","PAC",2.69
1241,0.98,"Col-0","PAC",3.29
1240,0.98,"Col-0","PAC",2.76
1239,1.12,"Col-0","PAC",3.1
1238,0.79,"Col-0","PAC",3.1
1237,0.71,"Col-0","PAC",3.21
1236,0.99,"Col-0","PAC",2.74
1235,1.04,"Col-0","PAC",2.4
1234,1.74,"Col-0","PAC",2.44
1233,0.79,"Col-0","PAC",2.65
1232,0.57,"Col-0","PAC",2.42
1231,1.06,"Col-0","PAC",2.54
1230,1.45,"Col-0","PAC",2.63
1229,1.05,"Col-0","PAC",2.58
1228,1.51,"Col-0","PAC",3.43
1227,1.57,"Col-0","PAC",3.03
1226,0.67,"Col-0","PAC",2.75
1225,0.69,"Col-0","PAC",2.63
1224,1.03,"Col-0","PAC",1.99
1223,1.04,"Col-0","PAC",2.65
1222,0.92,"Col-0","PAC",2.95
1221,1.04,"Col-0","PAC",3.11
1220,1.08,"Col-0","PAC",2.57
1219,1.18,"Col-0","PAC",2.11
1218,0.95,"Col-0","PAC",2.68
1217,1.42,"Col-0","PAC",2.77
1216,1.21,"Col-0","PAC",2.75
1215,1.01,"Col-0","PAC",2.66
1214,0.91,"Col-0","PAC",3.23
1213,1.06,"Col-0","PAC",3.05
1212,0.96,"Col-0","PAC",3.26
1211,0.57,"Col-0","PAC",1.91
1210,0.58,"Col-0","PAC",3.08
1209,1.27,"Col-0","PAC",2.85
1208,1.13,"Col-0","PAC",2.41
1207,1.22,"Col-0","PAC",2.33
1206,0.65,"Col-0","PAC",2.15
1205,1.26,"Col-0","PAC",3.02
1204,0.99,"Col-0","PAC",2.57
1203,1.08,"Col-0","PAC",2.87
1202,1.78,"Col-0","PAC",2.44
1201,0.81,"Col-0","PAC",3.02
1200,1.38,"Col-0","PAC",2.23
1199,1.23,"Col-0","PAC",3
1198,0.76,"Col-0","PAC",2.6
1197,0.71,"Col-0","PAC",3.14
1196,1.13,"Col-0","PAC",2.28
1195,0.89,"Col-0","PAC",3.17
1194,1.46,"Col-0","PAC",2.26
1193,1.14,"Col-0","PAC",2.22
1192,0.65,"Col-0","PAC",2.22
1191,0.86,"Col-0","PAC",2.76
1190,1.02,"Col-0","PAC",3.42
1189,1.18,"Col-0","PAC",2.79
1188,0.86,"Col-0","PAC",1.73
1187,0.85,"Col-0","PAC",2.77
1186,1.19,"Col-0","PAC",2.24
1185,1,"Col-0","PAC",2.68
1184,0.64,"Col-0","PAC",2.69
1183,0.57,"Col-0","PAC",2.72
1182,1.35,"Col-0","PAC",2.9
1181,1.44,"Col-0","PAC",2.64
1180,0.9,"Col-0","PAC",3.31
1179,0.95,"Col-0","PAC",2.96
1178,0.84,"Col-0","PAC",3.02
1177,1.27,"Col-0","PAC",3.01
1176,1.18,"Col-0","PAC",2.67
1175,1.71,"Col-0","PAC",3.08
1174,0.48,"Col-0","PAC",2.92
1173,0.71,"Col-0","PAC",2.76
1172,0.74,"Col-0","PAC",3.17
1171,1.03,"Col-0","PAC",2.21
1170,0.86,"Col-0","PAC",2.49
1169,1.03,"Col-0","PAC",2.71
1168,0.52,"Col-0","PAC",2.8
1167,1.13,"Col-0","PAC",2.97
1166,1.18,"Col-0","PAC",2.95
1165,0.37,"Col-0","PAC",3.09
1164,0.88,"Col-0","PAC",3.51
1163,0.98,"Col-0","PAC",2.04
1162,1.21,"Col-0","PAC",2.4
1161,0.95,"Col-0","PAC",2.83
1160,1.79,"Col-0","PAC",2.12
1159,1.33,"Col-0","PAC",2.34
1158,1.28,"Col-0","PAC",2.88
1157,0.88,"Col-0","PAC",2.75
1156,0.6,"Col-0","PAC",2.09
1155,1.07,"Col-0","PAC",3.22
1154,1.11,"Col-0","PAC",3.2
1153,1.18,"Col-0","PAC",2.63
1152,0.95,"Col-0","PAC",3.14
1151,0.84,"Col-0","PAC",3.39
1150,0.88,"Col-0","PAC",2.66
1149,1.18,"Col-0","PAC",2.83
1148,1.03,"Col-0","PAC",2.25
1147,0.84,"Col-0","PAC",3.33
1146,1.04,"Col-0","PAC",3.11
1145,0.76,"Col-0","PAC",2.29
1144,0.68,"Col-0","PAC",2.49
1143,0.93,"Col-0","PAC",3.06
1142,0.63,"Col-0","PAC",3.14
1141,0.38,"Col-0","PAC",2.63
1140,0.63,"Col-0","PAC",2.43
1139,1.21,"Col-0","PAC",2.39
1138,0.49,"Col-0","PAC",2.77
1137,0.63,"Col-0","PAC",2.26
1136,0.78,"Col-0","PAC",3.25
1135,0.94,"Col-0","PAC",2.67
1134,0.95,"Col-0","PAC",2.85
1133,1.1,"Col-0","PAC",2.18
1132,0.58,"Col-0","PAC",1.92
1131,1.08,"Col-0","PAC",2.43
1130,1.38,"Col-0","PAC",2.95
1129,1.17,"Col-0","PAC",2.71
1128,1.31,"Col-0","PAC",2.47
1127,1.09,"Col-0","PAC",2.65
1126,0.67,"Col-0","PAC",2.62
1125,0.76,"Col-0","PAC",3.29
1124,1.21,"Col-0","PAC",2.75
1123,1.14,"Col-0","PAC",3.1
1122,0.94,"Col-0","PAC",2.51
1121,0.77,"Col-0","PAC",3.5
1120,1.37,"Col-0","PAC",3.49
1119,0.52,"Col-0","PAC",2.28
1118,1.25,"Col-0","PAC",2.71
1117,1.73,"Col-0","PAC",3.25
1116,1.47,"Col-0","PAC",2.14
1115,0.78,"Col-0","PAC",2.39
1114,0.93,"Col-0","PAC",3.24
1113,1.11,"Col-0","PAC",3.3
1112,0.93,"Col-0","PAC",2.07
1111,1.04,"Col-0","PAC",2.9
1110,0.86,"Col-0","PAC",3.02
1109,0.66,"Col-0","PAC",2.54
1108,1.13,"Col-0","PAC",2.51
1107,0.99,"Col-0","PAC",2.97
1106,0.9,"Col-0","PAC",3.24
1105,0.85,"Col-0","PAC",3
1104,1.14,"Col-0","PAC",2.5
1103,0.62,"Col-0","PAC",3.04
1102,0.32,"Col-0","PAC",2.86
1101,1.02,"Col-0","PAC",2.09
1100,0.86,"Col-0","PAC",2.32
1099,1,"Col-0","PAC",2.81
1098,1.57,"Col-0","PAC",2.66
1097,0.62,"Col-0","PAC",3.03
1096,0.7,"Col-0","PAC",3.11
1095,1.23,"Col-0","PAC",2.41
1094,0.9,"Col-0","PAC",2.47
1093,1.39,"Col-0","PAC",2.61
1092,0.67,"Col-0","PAC",3.21
1091,1.38,"Col-0","PAC",3.12
1090,1.38,"Col-0","PAC",2.38
1089,1.16,"Col-0","PAC",3.16
1088,0.88,"Col-0","PAC",2.32
1087,0.97,"Col-0","PAC",3.01
1086,1.02,"Col-0","PAC",3.06
1085,0.76,"Col-0","PAC",3.06
1084,0.69,"Col-0","PAC",3.21
1083,0.9,"Col-0","PAC",3.27
1082,1.03,"Col-0","PAC",2.85
1081,0.65,"Col-0","PAC",2.73
1080,1.09,"Col-0","PAC",2.62
1079,0.13,"Col-0","PAC",2.48
1078,0.62,"Col-0","PAC",2.27
1077,1.21,"Col-0","PAC",2.22
1076,0.98,"Col-0","PAC",2.2
1075,0.59,"Col-0","PAC",2.9
1074,1.1,"Col-0","PAC",2.84
1073,1.3,"Col-0","PAC",3.07
1072,1.24,"Col-0","PAC",2.85
1071,0.57,"Col-0","PAC",2.43
1070,0.45,"Col-0","PAC",2.48
1069,0.81,"Col-0","PAC",2.27
1068,0.86,"Col-0","PAC",2.1
1067,0.48,"Col-0","PAC",2.36
1066,1.08,"Col-0","PAC",2.82
1065,0.99,"Col-0","PAC",2.95
1064,1.2,"Col-0","PAC",2.84
1063,0.87,"Col-0","PAC",2.8
1062,0.52,"Col-0","PAC",2.96
1061,0.27,"Col-0","PAC",2.14
1060,1.03,"Col-0","PAC",2.03
1059,0.95,"Col-0","PAC",2.15
1058,1.64,"Col-0","PAC",2.99
1057,1.54,"Col-0","PAC",2.81
1056,0.87,"Col-0","PAC",2.45
1055,1.17,"Col-0","PAC",3.68
1054,1.21,"Col-0","PAC",3.1
1053,0.91,"Col-0","PAC",2.19
1052,0.53,"Col-0","PAC",2.84
1051,1.04,"Col-0","PAC",2.15
1050,1.36,"Col-0","PAC",2.87
1049,0.52,"Col-0","PAC",1.94
1048,1.8,"Col-0","PAC",3.06
1047,0.33,"Col-0","PAC",2.1
1046,1.01,"Col-0","PAC",2.12
1045,1.34,"Col-0","PAC",2.71
1044,0.7,"Col-0","PAC",2.44
1043,0.61,"Col-0","PAC",3.01
1042,1.07,"Col-0","PAC",2.77
1041,1.26,"Col-0","PAC",2.71
1040,1.04,"Col-0","PAC",3.18
1039,0.8,"Col-0","PAC",2.64
1038,1.48,"Col-0","PAC",3.1
1037,1.17,"Col-0","PAC",2.53
1036,0.6,"Col-0","PAC",2.41
1035,1,"Col-0","PAC",3.17
1034,0.35,"Col-0","PAC",2.81
1033,1.13,"Col-0","PAC",2.67
1032,1.13,"Col-0","PAC",2.34
1031,1.54,"Col-0","PAC",3.32
1030,0.9,"Col-0","PAC",2.67
1029,1.19,"Col-0","PAC",3.03
1028,1,"Col-0","PAC",2.64
1027,0.89,"Col-0","PAC",2.59
1026,1.13,"Col-0","PAC",2.21
1025,0.51,"Col-0","PAC",3.3
1024,0.89,"Col-0","PAC",2.62
1023,0.93,"Col-0","PAC",3.5
1022,0.9,"Col-0","PAC",3.49
1021,1.05,"Col-0","PAC",2.65
1020,1.21,"Col-0","PAC",3
1019,1.11,"Col-0","PAC",2.74
1018,1.53,"Col-0","PAC",2.22
1017,0.83,"Col-0","PAC",2.92
1016,0.82,"Col-0","PAC",2.53
1015,0.85,"Col-0","PAC",2.62
1014,1.12,"Col-0","PAC",2.89
1013,1.1,"Col-0","PAC",2.91
1012,1.05,"Col-0","PAC",3.18
1011,1.3,"Col-0","PAC",2.36
1010,1.09,"Col-0","PAC",3.13
1009,0.58,"Col-0","PAC",3.02
1008,0.25,"Col-0","PAC",2.77
1007,1.38,"Col-0","PAC",2.72
1006,1.01,"Col-0","PAC",2.65
1005,0.16,"Col-0","PAC",2.56
1004,1.21,"Col-0","PAC",2.57
1003,1.05,"Col-0","PAC",2.75
1002,1.42,"Col-0","PAC",3.55
1001,1.13,"Col-0","PAC",2.61
1000,5.29,"Col-0","GA",0.73
999,5.84,"Col-0","GA",0.57
998,6.52,"Col-0","GA",1.18
997,4.25,"Col-0","GA",0.75
996,4.81,"Col-0","GA",1.03
995,4.91,"Col-0","GA",1.04
994,5.94,"Col-0","GA",0.92
993,5.74,"Col-0","GA",0.66
992,3.87,"Col-0","GA",1.02
991,3.27,"Col-0","GA",1.11
990,5.23,"Col-0","GA",1.29
989,4.49,"Col-0","GA",0.85
988,5.11,"Col-0","GA",0.93
987,6.81,"Col-0","GA",1.1
986,5,"Col-0","GA",0.39
985,6.06,"Col-0","GA",0.67
984,5.9,"Col-0","GA",1.02
983,4.6,"Col-0","GA",0.67
982,5.35,"Col-0","GA",1.06
981,4.87,"Col-0","GA",0.63
980,5.64,"Col-0","GA",0.92
979,4.52,"Col-0","GA",1.35
978,6.81,"Col-0","GA",0.94
977,7.17,"Col-0","GA",0.84
976,7.14,"Col-0","GA",0.84
975,5.48,"Col-0","GA",0.52
974,4.81,"Col-0","GA",1.13
973,5.1,"Col-0","GA",1.08
972,3.71,"Col-0","GA",0.3
971,3.88,"Col-0","GA",0.87
970,5.68,"Col-0","GA",0.98
969,4.65,"Col-0","GA",1.46
968,5.77,"Col-0","GA",1.38
967,5.69,"Col-0","GA",0.52
966,5.44,"Col-0","GA",0.4
965,4.21,"Col-0","GA",0.68
964,3.95,"Col-0","GA",1.44
963,5.86,"Col-0","GA",1.04
962,5.63,"Col-0","GA",0.61
961,5.41,"Col-0","GA",1.01
960,5.29,"Col-0","GA",1.48
959,6.05,"Col-0","GA",0.87
958,5.02,"Col-0","GA",0.25
957,4.27,"Col-0","GA",0.22
956,7.45,"Col-0","GA",1.01
955,5.89,"Col-0","GA",1.25
954,4.62,"Col-0","GA",0.87
953,4.94,"Col-0","GA",0.88
952,5.61,"Col-0","GA",0.45
951,4.66,"Col-0","GA",0.87
950,6.84,"Col-0","GA",1.37
949,7.43,"Col-0","GA",1.8
948,5.91,"Col-0","GA",1.27
947,4.41,"Col-0","GA",0.47
946,8.07,"Col-0","GA",1.48
945,5.04,"Col-0","GA",0.02
944,3.96,"Col-0","GA",1.77
943,7,"Col-0","GA",0.56
942,5.73,"Col-0","GA",1.21
941,6.06,"Col-0","GA",1.07
940,6.23,"Col-0","GA",1.08
939,5.87,"Col-0","GA",0.28
938,6.36,"Col-0","GA",0.74
937,5.46,"Col-0","GA",0.89
936,5.39,"Col-0","GA",1.04
935,6.08,"Col-0","GA",1.49
934,5.6,"Col-0","GA",0.7
933,5.02,"Col-0","GA",0.66
932,5.31,"Col-0","GA",1.16
931,5.43,"Col-0","GA",1.81
930,5.56,"Col-0","GA",0.14
929,5.82,"Col-0","GA",0.54
928,4.25,"Col-0","GA",0.96
927,4.74,"Col-0","GA",1.42
926,5.04,"Col-0","GA",1.8
925,3.38,"Col-0","GA",0.77
924,4.2,"Col-0","GA",0.7
923,4.6,"Col-0","GA",1.48
922,7.35,"Col-0","GA",1.6
921,6.6,"Col-0","GA",1.59
920,5.9,"Col-0","GA",1.07
919,5.92,"Col-0","GA",1.79
918,5.18,"Col-0","GA",1.11
917,4.68,"Col-0","GA",1.13
916,7.4,"Col-0","GA",0.42
915,6.06,"Col-0","GA",1.44
914,4.4,"Col-0","GA",1.35
913,5.75,"Col-0","GA",1
912,6.44,"Col-0","GA",1.25
911,7.38,"Col-0","GA",1.41
910,3.08,"Col-0","GA",0.94
909,4.98,"Col-0","GA",0.9
908,5.22,"Col-0","GA",1.11
907,4.93,"Col-0","GA",1.08
906,6.72,"Col-0","GA",1.55
905,4.3,"Col-0","GA",0.79
904,5.24,"Col-0","GA",0.57
903,3.96,"Col-0","GA",1.03
902,5.24,"Col-0","GA",1.85
901,4.96,"Col-0","GA",1.44
900,5.89,"Col-0","GA",0.84
899,6.27,"Col-0","GA",1.07
898,6.41,"Col-0","GA",1.6
897,5.81,"Col-0","GA",0.36
896,4.59,"Col-0","GA",1.35
895,6.43,"Col-0","GA",0.8
894,5.04,"Col-0","GA",0.74
893,5.66,"Col-0","GA",0.69
892,6.91,"Col-0","GA",1.54
891,6.29,"Col-0","GA",0.53
890,4.87,"Col-0","GA",0.88
889,6.22,"Col-0","GA",1.35
888,6.07,"Col-0","GA",1.51
887,5.22,"Col-0","GA",1.54
886,5.95,"Col-0","GA",0.87
885,4.9,"Col-0","GA",1.39
884,5.76,"Col-0","GA",1.65
883,6.19,"Col-0","GA",0.34
882,6.08,"Col-0","GA",1.06
881,3.56,"Col-0","GA",0.88
880,5.33,"Col-0","GA",0.86
879,4.26,"Col-0","GA",0.61
878,5.75,"Col-0","GA",0.44
877,5.09,"Col-0","GA",0.84
876,5.18,"Col-0","GA",1.33
875,7.33,"Col-0","GA",1.43
874,6.3,"Col-0","GA",0.2
873,5.28,"Col-0","GA",1.24
872,7.35,"Col-0","GA",0.76
871,5.7,"Col-0","GA",1.3
870,5.48,"Col-0","GA",1.16
869,4.7,"Col-0","GA",0.97
868,7.47,"Col-0","GA",0.98
867,5.54,"Col-0","GA",1.11
866,6.22,"Col-0","GA",1.53
865,5.32,"Col-0","GA",-0.08
864,4.59,"Col-0","GA",0.9
863,5.05,"Col-0","GA",1.27
862,7.68,"Col-0","GA",0.68
861,5.53,"Col-0","GA",0.73
860,4.32,"Col-0","GA",1.49
859,5.31,"Col-0","GA",0.13
858,6.67,"Col-0","GA",1.13
857,4.55,"Col-0","GA",1.54
856,6.02,"Col-0","GA",1.02
855,5.57,"Col-0","GA",1
854,6.03,"Col-0","GA",0.1
853,5.6,"Col-0","GA",0.4
852,7.43,"Col-0","GA",1.12
851,3.42,"Col-0","GA",1.1
850,6.52,"Col-0","GA",1.62
849,3.05,"Col-0","GA",1.29
848,6.37,"Col-0","GA",0.65
847,6.56,"Col-0","GA",-0.01
846,4.87,"Col-0","GA",1
845,7.78,"Col-0","GA",0.76
844,3.13,"Col-0","GA",0.69
843,4.56,"Col-0","GA",0.47
842,6.99,"Col-0","GA",1.89
841,4.73,"Col-0","GA",1.11
840,5.45,"Col-0","GA",0.64
839,6.41,"Col-0","GA",0.73
838,4.97,"Col-0","GA",0.65
837,5.37,"Col-0","GA",0.14
836,6.58,"Col-0","GA",0.61
835,6.68,"Col-0","GA",0.99
834,5.36,"Col-0","GA",0.58
833,4.49,"Col-0","GA",0.65
832,4.87,"Col-0","GA",1.35
831,5.1,"Col-0","GA",0.93
830,5.81,"Col-0","GA",0.46
829,5.47,"Col-0","GA",0.21
828,6.07,"Col-0","GA",1.11
827,3.82,"Col-0","GA",1.61
826,4.18,"Col-0","GA",0.96
825,4.27,"Col-0","GA",1.11
824,5.55,"Col-0","GA",0.85
823,6.72,"Col-0","GA",1.59
822,6.1,"Col-0","GA",0.99
821,6.81,"Col-0","GA",1.17
820,4.49,"Col-0","GA",1.11
819,5.5,"Col-0","GA",0.89
818,6.24,"Col-0","GA",1.28
817,6.81,"Col-0","GA",1.15
816,7.1,"Col-0","GA",1.24
815,6.67,"Col-0","GA",0.68
814,4.04,"Col-0","GA",1.27
813,5.88,"Col-0","GA",1.02
812,6.49,"Col-0","GA",1.36
811,4.63,"Col-0","GA",0.5
810,6.32,"Col-0","GA",0.62
809,4.13,"Col-0","GA",0.99
808,6.86,"Col-0","GA",1.28
807,5.04,"Col-0","GA",1.14
806,5.02,"Col-0","GA",-0.2
805,3.49,"Col-0","GA",1.16
804,5.84,"Col-0","GA",1.13
803,4.69,"Col-0","GA",1.24
802,4.28,"Col-0","GA",0.95
801,5.9,"Col-0","GA",1.05
800,4.14,"Col-0","GA",1.54
799,5.5,"Col-0","GA",1.09
798,4.4,"Col-0","GA",0.93
797,5.42,"Col-0","GA",1.25
796,5.42,"Col-0","GA",0.62
795,5.24,"Col-0","GA",0.85
794,5.34,"Col-0","GA",0.85
793,4.52,"Col-0","GA",0.95
792,5.2,"Col-0","GA",0.15
791,4.25,"Col-0","GA",1.2
790,7.25,"Col-0","GA",0.75
789,5.59,"Col-0","GA",0.83
788,6.2,"Col-0","GA",1.25
787,4.99,"Col-0","GA",1.39
786,4.4,"Col-0","GA",1.55
785,4.85,"Col-0","GA",1.26
784,5.46,"Col-0","GA",0.5
783,5.67,"Col-0","GA",0.33
782,5.06,"Col-0","GA",1.14
781,4.19,"Col-0","GA",0.25
780,5.46,"Col-0","GA",0.42
779,6.88,"Col-0","GA",1.18
778,7.27,"Col-0","GA",1.11
777,6.09,"Col-0","GA",1.36
776,5.22,"Col-0","GA",0.69
775,5.61,"Col-0","GA",1.27
774,5.59,"Col-0","GA",0.84
773,5.94,"Col-0","GA",1.32
772,6.45,"Col-0","GA",1.07
771,5.34,"Col-0","GA",0.95
770,4.28,"Col-0","GA",1.7
769,5.24,"Col-0","GA",1.09
768,5.18,"Col-0","GA",0.64
767,6.05,"Col-0","GA",0.63
766,5.22,"Col-0","GA",1.14
765,6.55,"Col-0","GA",0.63
764,5.4,"Col-0","GA",1.24
763,5.84,"Col-0","GA",0.4
762,5.21,"Col-0","GA",1.01
761,4.91,"Col-0","GA",1.31
760,6.88,"Col-0","GA",0.94
759,5.52,"Col-0","GA",1.15
758,5.97,"Col-0","GA",0.73
757,4.7,"Col-0","GA",0.96
756,4.95,"Col-0","GA",1.02
755,6.25,"Col-0","GA",0.65
754,5.39,"Col-0","GA",1.12
753,5.49,"Col-0","GA",0.44
752,4.3,"Col-0","GA",0.73
751,4.94,"Col-0","GA",1.03
750,4.88,"Col-0","GA",0.94
749,4.37,"Col-0","GA",1.39
748,4.41,"Col-0","GA",0.31
747,6.36,"Col-0","GA",1.2
746,5.33,"Col-0","GA",0.83
745,5.63,"Col-0","GA",1.04
744,4.86,"Col-0","GA",0.86
743,6.37,"Col-0","GA",0.98
742,4.78,"Col-0","GA",0.98
741,5.09,"Col-0","GA",0.84
740,4.27,"Col-0","GA",0.58
739,4.58,"Col-0","GA",1.16
738,5.92,"Col-0","GA",0.41
737,5.27,"Col-0","GA",0.69
736,6.13,"Col-0","GA",0.23
735,5.76,"Col-0","GA",0.59
734,5.61,"Col-0","GA",1.49
733,5.16,"Col-0","GA",1.52
732,6.85,"Col-0","GA",1.22
731,5.16,"Col-0","GA",0.9
730,4.57,"Col-0","GA",0.6
729,5.59,"Col-0","GA",0.72
728,6.37,"Col-0","GA",0.75
727,4.26,"Col-0","GA",0.41
726,5.18,"Col-0","GA",0.95
725,6.57,"Col-0","GA",0.88
724,5.87,"Col-0","GA",1.35
723,6.12,"Col-0","GA",1.49
722,6.11,"Col-0","GA",1.3
721,4.59,"Col-0","GA",1.01
720,6.25,"Col-0","GA",0.87
719,4.7,"Col-0","GA",0.53
718,5.61,"Col-0","GA",0.72
717,3.41,"Col-0","GA",0.78
716,5.94,"Col-0","GA",1.14
715,4.11,"Col-0","GA",0.97
714,5.32,"Col-0","GA",1.06
713,5.41,"Col-0","GA",0.63
712,4.48,"Col-0","GA",0.79
711,5.59,"Col-0","GA",0.81
710,4.99,"Col-0","GA",0.41
709,5.94,"Col-0","GA",0.97
708,5.91,"Col-0","GA",1.11
707,5.95,"Col-0","GA",0.9
706,6.6,"Col-0","GA",0.77
705,4.45,"Col-0","GA",1.21
704,5.55,"Col-0","GA",1.35
703,4.33,"Col-0","GA",1.28
702,3.91,"Col-0","GA",0.95
701,3.71,"Col-0","GA",1.05
700,4.48,"Col-0","GA",0.75
699,6.33,"Col-0","GA",0.81
698,5.47,"Col-0","GA",0.88
697,5.48,"Col-0","GA",1.83
696,3.79,"Col-0","GA",1.12
695,4.95,"Col-0","GA",0.6
694,5.83,"Col-0","GA",0.8
693,6.68,"Col-0","GA",0.93
692,5.17,"Col-0","GA",1.11
691,5.57,"Col-0","GA",1.1
690,6.91,"Col-0","GA",1.26
689,5.79,"Col-0","GA",0.75
688,6.44,"Col-0","GA",1.32
687,6.81,"Col-0","GA",0.87
686,3.93,"Col-0","GA",1.34
685,5.34,"Col-0","GA",0.67
684,5.83,"Col-0","GA",0.33
683,2.7,"Col-0","GA",0.87
682,5.74,"Col-0","GA",1.33
681,5.35,"Col-0","GA",0.54
680,5.12,"Col-0","GA",1.27
679,5.9,"Col-0","GA",1.05
678,4.42,"Col-0","GA",0.51
677,5.71,"Col-0","GA",0.28
676,5.9,"Col-0","GA",1.01
675,5.16,"Col-0","GA",1.05
674,6.48,"Col-0","GA",1.15
673,5.76,"Col-0","GA",0.13
672,4.48,"Col-0","GA",1.23
671,6.11,"Col-0","GA",0.93
670,3.77,"Col-0","GA",0.97
669,6.44,"Col-0","GA",0.4
668,4.86,"Col-0","GA",0.46
667,5.63,"Col-0","GA",1.16
666,7.46,"Col-0","GA",1.58
665,6.45,"Col-0","GA",0.88
664,4.5,"Col-0","GA",1.31
663,5.3,"Col-0","GA",1.45
662,8.29,"Col-0","GA",0.86
661,5.67,"Col-0","GA",0.91
660,4.46,"Col-0","GA",1.3
659,4.92,"Col-0","GA",0.58
658,5.74,"Col-0","GA",1.55
657,5.52,"Col-0","GA",1.29
656,4.94,"Col-0","GA",0.52
655,6.39,"Col-0","GA",1.28
654,6.82,"Col-0","GA",1.91
653,6.65,"Col-0","GA",0.56
652,5.83,"Col-0","GA",0.78
651,5.74,"Col-0","GA",1.35
650,5.15,"Col-0","GA",0.79
649,5.85,"Col-0","GA",1.3
648,4.47,"Col-0","GA",0.41
647,4.27,"Col-0","GA",0.72
646,6.27,"Col-0","GA",1.05
645,5.3,"Col-0","GA",0.88
644,6.94,"Col-0","GA",1.52
643,4.14,"Col-0","GA",0.63
642,4.98,"Col-0","GA",0.37
641,5.48,"Col-0","GA",0.58
640,5.33,"Col-0","GA",0.58
639,6.21,"Col-0","GA",0.76
638,5.85,"Col-0","GA",0.74
637,5.39,"Col-0","GA",1.08
636,5.26,"Col-0","GA",1.63
635,5.14,"Col-0","GA",1.19
634,5.88,"Col-0","GA",0.77
633,4.5,"Col-0","GA",1.25
632,6.15,"Col-0","GA",1.03
631,4.96,"Col-0","GA",0.48
630,4.74,"Col-0","GA",1.01
629,7.04,"Col-0","GA",0.86
628,6.09,"Col-0","GA",1.64
627,5.24,"Col-0","GA",1.51
626,6.61,"Col-0","GA",0.75
625,5.26,"Col-0","GA",1.22
624,7.07,"Col-0","GA",1
623,5.91,"Col-0","GA",0.83
622,4.2,"Col-0","GA",0.45
621,5.38,"Col-0","GA",1.57
620,6.73,"Col-0","GA",2.04
619,5.25,"Col-0","GA",0.47
618,5.93,"Col-0","GA",0.57
617,5.71,"Col-0","GA",1.11
616,4.45,"Col-0","GA",1.46
615,5.41,"Col-0","GA",1.17
614,4.95,"Col-0","GA",0.64
613,7.21,"Col-0","GA",1.01
612,5.46,"Col-0","GA",1.3
611,5.96,"Col-0","GA",0.81
610,6.08,"Col-0","GA",0.91
609,6.47,"Col-0","GA",0.48
608,7.19,"Col-0","GA",1.61
607,5.34,"Col-0","GA",1.26
606,5.69,"Col-0","GA",0.97
605,4.54,"Col-0","GA",1.61
604,5.95,"Col-0","GA",1.07
603,5.08,"Col-0","GA",1.04
602,5.73,"Col-0","GA",0.79
601,6.67,"Col-0","GA",0.68
600,6.96,"Col-0","GA",0.65
599,6.79,"Col-0","GA",1.2
598,2.58,"Col-0","GA",0.98
597,6.52,"Col-0","GA",2.03
596,6.68,"Col-0","GA",0.94
595,6.63,"Col-0","GA",0.6
594,6.18,"Col-0","GA",1.12
593,3.66,"Col-0","GA",0.85
592,5.61,"Col-0","GA",0.35
591,4.3,"Col-0","GA",0.55
590,5.36,"Col-0","GA",1.13
589,6.42,"Col-0","GA",0.74
588,6.3,"Col-0","GA",1.49
587,4.67,"Col-0","GA",1.48
586,6.39,"Col-0","GA",0.91
585,5.24,"Col-0","GA",1
584,5.45,"Col-0","GA",1.07
583,6.03,"Col-0","GA",0.42
582,3.99,"Col-0","GA",0.48
581,4.88,"Col-0","GA",1.62
580,5.43,"Col-0","GA",1.22
579,3.83,"Col-0","GA",0.46
578,3.98,"Col-0","GA",1.96
577,5.78,"Col-0","GA",1.32
576,6.38,"Col-0","GA",1.15
575,7.31,"Col-0","GA",0.97
574,4.65,"Col-0","GA",0.81
573,5.98,"Col-0","GA",1.9
572,5.87,"Col-0","GA",0.75
571,4.38,"Col-0","GA",0.16
570,6.68,"Col-0","GA",0.58
569,5.91,"Col-0","GA",0.85
568,5.5,"Col-0","GA",0.7
567,7.32,"Col-0","GA",0.91
566,7.35,"Col-0","GA",0.85
565,4.73,"Col-0","GA",1.23
564,4.19,"Col-0","GA",0.63
563,4.48,"Col-0","GA",1.7
562,5.04,"Col-0","GA",1.39
561,5.91,"Col-0","GA",0.32
560,6.2,"Col-0","GA",1.5
559,6.15,"Col-0","GA",1.68
558,5.77,"Col-0","GA",1.55
557,4.69,"Col-0","GA",0.47
556,5.56,"Col-0","GA",1.2
555,5.61,"Col-0","GA",1.64
554,4.48,"Col-0","GA",1.46
553,5.55,"Col-0","GA",0.74
552,4.62,"Col-0","GA",1.16
551,6.87,"Col-0","GA",0.66
550,5.72,"Col-0","GA",1.3
549,6.02,"Col-0","GA",1.52
548,3.17,"Col-0","GA",1.45
547,5.28,"Col-0","GA",0.71
546,3.93,"Col-0","GA",1.31
545,5.63,"Col-0","GA",1.62
544,4.69,"Col-0","GA",1.01
543,4.97,"Col-0","GA",1.44
542,5.4,"Col-0","GA",1.71
541,4.52,"Col-0","GA",0.8
540,3,"Col-0","GA",1.41
539,6.15,"Col-0","GA",0.45
538,5.42,"Col-0","GA",1.34
537,4.31,"Col-0","GA",1.02
536,7.68,"Col-0","GA",1.12
535,4.48,"Col-0","GA",0.81
534,4.76,"Col-0","GA",0.48
533,5.84,"Col-0","GA",1.44
532,5.58,"Col-0","GA",1.14
531,6.95,"Col-0","GA",0.66
530,5.12,"Col-0","GA",1.45
529,5.36,"Col-0","GA",0.79
528,5.15,"Col-0","GA",1.07
527,6.02,"Col-0","GA",0.6
526,4.2,"Col-0","GA",0.92
525,6.61,"Col-0","GA",1.08
524,5.76,"Col-0","GA",0.76
523,5.4,"Col-0","GA",1.06
522,6.87,"Col-0","GA",1.23
521,4.95,"Col-0","GA",0.68
520,5.37,"Col-0","GA",1.15
519,4.6,"Col-0","GA",0.41
518,4.2,"Col-0","GA",0.97
517,4.46,"Col-0","GA",0.72
516,5.65,"Col-0","GA",1.21
515,5.83,"Col-0","GA",0.75
514,6.16,"Col-0","GA",1.13
513,6.76,"Col-0","GA",1.02
512,5.68,"Col-0","GA",0.86
511,6.65,"Col-0","GA",0.74
510,4.77,"Col-0","GA",0.46
509,5.74,"Col-0","GA",1.63
508,3.98,"Col-0","GA",0.55
507,6.08,"Col-0","GA",1.16
506,5.01,"Col-0","GA",1.82
505,6.27,"Col-0","GA",1.35
504,5.48,"Col-0","GA",0.75
503,4.06,"Col-0","GA",-0.08
502,5.29,"Col-0","GA",1.02
501,6.38,"Col-0","GA",1.12
500,4.1,"Col-0","Mock",3.28
499,5.38,"Col-0","Mock",2.72
498,5.01,"Col-0","Mock",2.28
497,3.27,"Col-0","Mock",2.74
496,3.83,"Col-0","Mock",1.8
495,4.85,"Col-0","Mock",3.22
494,3.69,"Col-0","Mock",2.88
493,3.13,"Col-0","Mock",2.17
492,4.29,"Col-0","Mock",2.54
491,3.95,"Col-0","Mock",2.5
490,1.72,"Col-0","Mock",1.95
489,4.35,"Col-0","Mock",2.66
488,4.23,"Col-0","Mock",2.85
487,4.96,"Col-0","Mock",2.35
486,3.31,"Col-0","Mock",2.13
485,5.54,"Col-0","Mock",2.73
484,3.51,"Col-0","Mock",2.35
483,3.01,"Col-0","Mock",2.64
482,3.33,"Col-0","Mock",3.03
481,3.98,"Col-0","Mock",1.98
480,4.53,"Col-0","Mock",2.31
479,3.86,"Col-0","Mock",2.49
478,2.63,"Col-0","Mock",2.74
477,4.07,"Col-0","Mock",1.98
476,3.92,"Col-0","Mock",2.29
475,4.4,"Col-0","Mock",2.24
474,1.16,"Col-0","Mock",2.2
473,6.39,"Col-0","Mock",1.8
472,3.6,"Col-0","Mock",2.68
471,5.68,"Col-0","Mock",2.36
470,3.82,"Col-0","Mock",2.61
469,3.56,"Col-0","Mock",1.88
468,3.56,"Col-0","Mock",2.23
467,3.95,"Col-0","Mock",2.34
466,3.57,"Col-0","Mock",2.52
465,4.86,"Col-0","Mock",2.5
464,2.09,"Col-0","Mock",2.69
463,3.31,"Col-0","Mock",2.32
462,5.19,"Col-0","Mock",1.44
461,4.07,"Col-0","Mock",3.48
460,5.52,"Col-0","Mock",1.84
459,5.26,"Col-0","Mock",2.16
458,1.96,"Col-0","Mock",2.39
457,3.71,"Col-0","Mock",2.8
456,3.58,"Col-0","Mock",2.01
455,5.25,"Col-0","Mock",2.13
454,3.17,"Col-0","Mock",2.09
453,4.1,"Col-0","Mock",2.72
452,4.25,"Col-0","Mock",2.57
451,4.54,"Col-0","Mock",2.97
450,6.25,"Col-0","Mock",2.38
449,3.67,"Col-0","Mock",2.07
448,4.63,"Col-0","Mock",2.52
447,4.95,"Col-0","Mock",3.33
446,1.89,"Col-0","Mock",1.55
445,3.66,"Col-0","Mock",2.42
444,5.33,"Col-0","Mock",2.05
443,2.44,"Col-0","Mock",2.7
442,4.63,"Col-0","Mock",2.53
441,4.17,"Col-0","Mock",2.5
440,4.9,"Col-0","Mock",2.36
439,4.19,"Col-0","Mock",2.07
438,3.2,"Col-0","Mock",2.52
437,4.76,"Col-0","Mock",2.37
436,4.15,"Col-0","Mock",2.18
435,5.63,"Col-0","Mock",2.44
434,5.6,"Col-0","Mock",2.29
433,5.15,"Col-0","Mock",3.59
432,4.64,"Col-0","Mock",2.39
431,3.97,"Col-0","Mock",3.28
430,5.4,"Col-0","Mock",3.2
429,3.14,"Col-0","Mock",1.78
428,4.01,"Col-0","Mock",1.2
427,5.95,"Col-0","Mock",2.39
426,6,"Col-0","Mock",2.31
425,5.27,"Col-0","Mock",3.01
424,3.04,"Col-0","Mock",1.77
423,1.51,"Col-0","Mock",1.66
422,4.48,"Col-0","Mock",3.09
421,4.71,"Col-0","Mock",2.3
420,3.8,"Col-0","Mock",1.96
419,5.43,"Col-0","Mock",2.44
418,5.46,"Col-0","Mock",2.56
417,5.11,"Col-0","Mock",2.82
416,5.01,"Col-0","Mock",3.6
415,5.51,"Col-0","Mock",1.91
414,4.82,"Col-0","Mock",2.06
413,4.92,"Col-0","Mock",1.84
412,3.22,"Col-0","Mock",2.46
411,5.12,"Col-0","Mock",2.13
410,4.87,"Col-0","Mock",2.18
409,3.89,"Col-0","Mock",2.17
408,4.39,"Col-0","Mock",2.93
407,2.63,"Col-0","Mock",2.79
406,4.7,"Col-0","Mock",2.15
405,5.34,"Col-0","Mock",2.1
404,2.82,"Col-0","Mock",3.11
403,3.01,"Col-0","Mock",3.04
402,4.46,"Col-0","Mock",2.75
401,3.82,"Col-0","Mock",2.66
400,2.94,"Col-0","Mock",2.29
399,4.16,"Col-0","Mock",2.65
398,4.65,"Col-0","Mock",1.61
397,5.7,"Col-0","Mock",1.68
396,2.64,"Col-0","Mock",1.68
395,3.76,"Col-0","Mock",2.56
394,4.12,"Col-0","Mock",2.02
393,4.47,"Col-0","Mock",2.96
392,3.81,"Col-0","Mock",2.69
391,4.42,"Col-0","Mock",2.03
390,3.47,"Col-0","Mock",2.72
389,5.06,"Col-0","Mock",2.35
388,2.89,"Col-0","Mock",2.3
387,3.14,"Col-0","Mock",1.76
386,4.49,"Col-0","Mock",3.16
385,2.09,"Col-0","Mock",1.64
384,4.96,"Col-0","Mock",2.54
383,2.95,"Col-0","Mock",2.38
382,3.47,"Col-0","Mock",2.84
381,5.68,"Col-0","Mock",2.62
380,4.02,"Col-0","Mock",2.73
379,1.9,"Col-0","Mock",2.22
378,3.25,"Col-0","Mock",2.04
377,4.69,"Col-0","Mock",1.2
376,4.45,"Col-0","Mock",2.73
375,4.29,"Col-0","Mock",1.98
374,5.37,"Col-0","Mock",2.46
373,3.91,"Col-0","Mock",2.23
372,4.74,"Col-0","Mock",2.31
371,4.68,"Col-0","Mock",2.09
370,2.64,"Col-0","Mock",2.7
369,4.82,"Col-0","Mock",2.55
368,2.97,"Col-0","Mock",2.59
367,2.79,"Col-0","Mock",2.96
366,2.24,"Col-0","Mock",2.45
365,4.09,"Col-0","Mock",2.76
364,2.4,"Col-0","Mock",2.78
363,5.94,"Col-0","Mock",2.96
362,4.77,"Col-0","Mock",2.5
361,3.77,"Col-0","Mock",2.35
360,3.49,"Col-0","Mock",2.77
359,4.22,"Col-0","Mock",2.61
358,2.85,"Col-0","Mock",2.27
357,1.87,"Col-0","Mock",2.55
356,3.64,"Col-0","Mock",3.17
355,1.48,"Col-0","Mock",2.85
354,2.68,"Col-0","Mock",2.77
353,4.58,"Col-0","Mock",2.32
352,4.45,"Col-0","Mock",3.01
351,5,"Col-0","Mock",1.21
350,3.38,"Col-0","Mock",2.28
349,5.22,"Col-0","Mock",1.96
348,4.87,"Col-0","Mock",2.6
347,4.99,"Col-0","Mock",1.74
346,4.73,"Col-0","Mock",1.89
345,4.54,"Col-0","Mock",2.72
344,4.11,"Col-0","Mock",1.66
343,3.33,"Col-0","Mock",2.6
342,4.99,"Col-0","Mock",2.74
341,4.91,"Col-0","Mock",2.29
340,4.45,"Col-0","Mock",1.84
339,4.13,"Col-0","Mock",2.99
338,3.64,"Col-0","Mock",2.68
337,5.57,"Col-0","Mock",2.02
336,2.7,"Col-0","Mock",2.42
335,1.71,"Col-0","Mock",3.56
334,3.62,"Col-0","Mock",2.14
333,3.5,"Col-0","Mock",1.59
332,4.28,"Col-0","Mock",2.63
331,6.08,"Col-0","Mock",2.78
330,4.42,"Col-0","Mock",2.43
329,5.81,"Col-0","Mock",2.3
328,3.22,"Col-0","Mock",2.1
327,5.31,"Col-0","Mock",2.12
326,2.73,"Col-0","Mock",1.5
325,1.92,"Col-0","Mock",3.68
324,5.35,"Col-0","Mock",2.64
323,3.96,"Col-0","Mock",1.7
322,5.69,"Col-0","Mock",3.11
321,3.5,"Col-0","Mock",2.37
320,4.1,"Col-0","Mock",1.98
319,2.63,"Col-0","Mock",3.77
318,5.28,"Col-0","Mock",1.96
317,4,"Col-0","Mock",3
316,4.06,"Col-0","Mock",3.55
315,5.09,"Col-0","Mock",1.45
314,4.92,"Col-0","Mock",2.46
313,4.3,"Col-0","Mock",2.07
312,3.35,"Col-0","Mock",2.31
311,2.49,"Col-0","Mock",2.48
310,4.71,"Col-0","Mock",2.41
309,4.09,"Col-0","Mock",3.19
308,4.57,"Col-0","Mock",2.83
307,2.85,"Col-0","Mock",1.8
306,2.18,"Col-0","Mock",2.94
305,3.85,"Col-0","Mock",2.27
304,3.91,"Col-0","Mock",2.57
303,3.94,"Col-0","Mock",1.97
302,2.69,"Col-0","Mock",2.52
301,3.89,"Col-0","Mock",2.24
300,3.45,"Col-0","Mock",2.47
299,5.22,"Col-0","Mock",2.38
298,5.13,"Col-0","Mock",3.11
297,2.26,"Col-0","Mock",1.87
296,4.66,"Col-0","Mock",2.53
295,4.6,"Col-0","Mock",2.55
294,3.7,"Col-0","Mock",2.99
293,5.58,"Col-0","Mock",2.19
292,3.47,"Col-0","Mock",2.32
291,4.83,"Col-0","Mock",3.86
290,4.7,"Col-0","Mock",2.2
289,5.05,"Col-0","Mock",3.33
288,4.46,"Col-0","Mock",2
287,3.77,"Col-0","Mock",2.61
286,3.46,"Col-0","Mock",1.92
285,4.28,"Col-0","Mock",2
284,4.48,"Col-0","Mock",2.35
283,2.77,"Col-0","Mock",2.05
282,3.6,"Col-0","Mock",2.52
281,3.33,"Col-0","Mock",2.36
280,5.28,"Col-0","Mock",2.8
279,5.05,"Col-0","Mock",2.54
278,3.89,"Col-0","Mock",3.1
277,4.18,"Col-0","Mock",2.1
276,4.75,"Col-0","Mock",2.48
275,3.67,"Col-0","Mock",3.74
274,4.26,"Col-0","Mock",3.12
273,2.05,"Col-0","Mock",2.55
272,4.11,"Col-0","Mock",2.71
271,3.75,"Col-0","Mock",2.01
270,4.67,"Col-0","Mock",2.17
269,3.81,"Col-0","Mock",3.08
268,2.84,"Col-0","Mock",1.83
267,2.77,"Col-0","Mock",2.84
266,3.72,"Col-0","Mock",3.42
265,4.96,"Col-0","Mock",1.9
264,3.31,"Col-0","Mock",2.22
263,4.43,"Col-0","Mock",1.96
262,3.71,"Col-0","Mock",2.98
261,5.6,"Col-0","Mock",2.46
260,4.54,"Col-0","Mock",2.56
259,4.65,"Col-0","Mock",2.24
258,5.24,"Col-0","Mock",2.22
257,3.16,"Col-0","Mock",2.79
256,2.79,"Col-0","Mock",3.44
255,4.23,"Col-0","Mock",1.83
254,3.51,"Col-0","Mock",2.37
253,3.75,"Col-0","Mock",2.86
252,3.72,"Col-0","Mock",2.19
251,3.58,"Col-0","Mock",2.38
250,2.84,"Col-0","Mock",2.58
249,3.57,"Col-0","Mock",2.95
248,4.58,"Col-0","Mock",2.39
247,4.65,"Col-0","Mock",1.99
246,2.8,"Col-0","Mock",2.31
245,3.23,"Col-0","Mock",1.74
244,2.74,"Col-0","Mock",2.18
243,3.36,"Col-0","Mock",2.18
242,3.36,"Col-0","Mock",2.73
241,4.75,"Col-0","Mock",2.69
240,4.33,"Col-0","Mock",1.76
239,3.08,"Col-0","Mock",2.49
238,4.41,"Col-0","Mock",2.69
237,3.61,"Col-0","Mock",2.43
236,4.42,"Col-0","Mock",2.93
235,4.25,"Col-0","Mock",1.74
234,5.13,"Col-0","Mock",2.32
233,4.24,"Col-0","Mock",2.41
232,4.6,"Col-0","Mock",1.49
231,2.59,"Col-0","Mock",2.48
230,3.14,"Col-0","Mock",1.42
229,4.16,"Col-0","Mock",2.75
228,2.2,"Col-0","Mock",1.97
227,5.41,"Col-0","Mock",2.94
226,3.15,"Col-0","Mock",2.65
225,4.49,"Col-0","Mock",2.71
224,2.33,"Col-0","Mock",2.71
223,4.06,"Col-0","Mock",2.09
222,3.4,"Col-0","Mock",2.24
221,2.97,"Col-0","Mock",1.5
220,2.57,"Col-0","Mock",2.36
219,4.21,"Col-0","Mock",2.76
218,3.12,"Col-0","Mock",2.33
217,2.6,"Col-0","Mock",2.72
216,4.79,"Col-0","Mock",2.54
215,1.64,"Col-0","Mock",2.07
214,4.14,"Col-0","Mock",3.42
213,4.58,"Col-0","Mock",2.15
212,3.9,"Col-0","Mock",2.99
211,3.32,"Col-0","Mock",2.48
210,3.31,"Col-0","Mock",2.15
209,1.73,"Col-0","Mock",1.98
208,4.37,"Col-0","Mock",2.81
207,5.48,"Col-0","Mock",2.82
206,4.02,"Col-0","Mock",2.35
205,4.29,"Col-0","Mock",2.29
204,3.76,"Col-0","Mock",1.35
203,3.36,"Col-0","Mock",2.65
202,5.05,"Col-0","Mock",2.68
201,5.32,"Col-0","Mock",2.39
200,4.43,"Col-0","Mock",2.39
199,4.31,"Col-0","Mock",2.4
198,4.05,"Col-0","Mock",2.52
197,4.49,"Col-0","Mock",2.17
196,4.14,"Col-0","Mock",1.7
195,3.4,"Col-0","Mock",2.3
194,3.79,"Col-0","Mock",1.6
193,3.11,"Col-0","Mock",2.01
192,5.14,"Col-0","Mock",2.85
191,3.57,"Col-0","Mock",3.06
190,0.51,"Col-0","Mock",2.16
189,4.04,"Col-0","Mock",2.11
188,3.77,"Col-0","Mock",1.97
187,2.3,"Col-0","Mock",2.88
186,4.99,"Col-0","Mock",1.82
185,3.02,"Col-0","Mock",2.6
184,7.14,"Col-0","Mock",2.82
183,4.11,"Col-0","Mock",2.41
182,4.64,"Col-0","Mock",2.46
181,3.97,"Col-0","Mock",2
180,2.85,"Col-0","Mock",1.76
179,2.39,"Col-0","Mock",2.77
178,3.41,"Col-0","Mock",2.18
177,3.55,"Col-0","Mock",2.05
176,4.98,"Col-0","Mock",1.69
175,5.71,"Col-0","Mock",2.41
174,3.92,"Col-0","Mock",2.27
173,3.23,"Col-0","Mock",3.16
172,1.5,"Col-0","Mock",3.23
171,4.71,"Col-0","Mock",3.93
170,5.1,"Col-0","Mock",1.82
169,4.52,"Col-0","Mock",2.57
168,1.88,"Col-0","Mock",1.56
167,4.13,"Col-0","Mock",2.78
166,4.41,"Col-0","Mock",2.98
165,4.77,"Col-0","Mock",2.38
164,2.87,"Col-0","Mock",2.24
163,5.08,"Col-0","Mock",2.45
162,3.59,"Col-0","Mock",2.09
161,5.3,"Col-0","Mock",2.32
160,3.53,"Col-0","Mock",2.41
159,2.76,"Col-0","Mock",3.12
158,4.19,"Col-0","Mock",2.33
157,4.94,"Col-0","Mock",1.65
156,3.16,"Col-0","Mock",1.84
155,4.4,"Col-0","Mock",1.42
154,6.1,"Col-0","Mock",2
153,3.78,"Col-0","Mock",1.78
152,6.57,"Col-0","Mock",3.38
151,4.33,"Col-0","Mock",2.19
150,4.14,"Col-0","Mock",2.43
149,4.25,"Col-0","Mock",1.88
148,4.43,"Col-0","Mock",2.22
147,4.19,"Col-0","Mock",2.21
146,3.28,"Col-0","Mock",2.46
145,5.8,"Col-0","Mock",3.2
144,3.25,"Col-0","Mock",3.12
143,4.24,"Col-0","Mock",2.72
142,4.08,"Col-0","Mock",2.7
141,4.45,"Col-0","Mock",2.49
140,4.93,"Col-0","Mock",2.27
139,3.69,"Col-0","Mock",1.69
138,4.05,"Col-0","Mock",2.04
137,3.75,"Col-0","Mock",2.8
136,5.33,"Col-0","Mock",2.73
135,4.63,"Col-0","Mock",2.83
134,4.12,"Col-0","Mock",2.39
133,4.56,"Col-0","Mock",3.34
132,4.82,"Col-0","Mock",3.03
131,4.83,"Col-0","Mock",2.98
130,5.15,"Col-0","Mock",2.13
129,2.87,"Col-0","Mock",3.15
128,3.08,"Col-0","Mock",2.08
127,2.98,"Col-0","Mock",2.26
126,3.97,"Col-0","Mock",2.24
125,4.94,"Col-0","Mock",2.69
124,4.87,"Col-0","Mock",2.44
123,3.76,"Col-0","Mock",3.18
122,6,"Col-0","Mock",1.71
121,6.21,"Col-0","Mock",2.23
120,4.96,"Col-0","Mock",1.92
119,3.2,"Col-0","Mock",1.93
118,3.71,"Col-0","Mock",2.37
117,5.9,"Col-0","Mock",2.14
116,4.52,"Col-0","Mock",1.81
115,5.92,"Col-0","Mock",2.12
114,3.31,"Col-0","Mock",2.15
113,5.75,"Col-0","Mock",3.56
112,3.16,"Col-0","Mock",2.53
111,4.99,"Col-0","Mock",2.82
110,3.86,"Col-0","Mock",2.04
109,2.63,"Col-0","Mock",3.69
108,3.64,"Col-0","Mock",1.65
107,4.87,"Col-0","Mock",1.94
106,3.7,"Col-0","Mock",2.6
105,5.26,"Col-0","Mock",1.96
104,4.03,"Col-0","Mock",1.88
103,3.61,"Col-0","Mock",3.04
102,3.37,"Col-0","Mock",2.25
101,3.42,"Col-0","Mock",3.19
100,3.7,"Col-0","Mock",2.97
99,5.04,"Col-0","Mock",2.18
98,2.36,"Col-0","Mock",3.23
97,3.2,"Col-0","Mock",2.2
96,4.57,"Col-0","Mock",2.47
95,4.12,"Col-0","Mock",3.16
94,2.67,"Col-0","Mock",2.97
93,4.28,"Col-0","Mock",2.57
92,5.44,"Col-0","Mock",3.03
91,2.5,"Col-0","Mock",3.13
90,4.15,"Col-0","Mock",2.23
89,4.03,"Col-0","Mock",1.9
88,3.58,"Col-0","Mock",2.34
87,5.28,"Col-0","Mock",1.78
86,3.07,"Col-0","Mock",2.97
85,4.28,"Col-0","Mock",2.85
84,5.1,"Col-0","Mock",3.11
83,4.42,"Col-0","Mock",1.77
82,2.92,"Col-0","Mock",2.43
81,3.97,"Col-0","Mock",2.51
80,3.99,"Col-0","Mock",2.07
79,3.92,"Col-0","Mock",2.62
78,3.81,"Col-0","Mock",1.91
77,3.49,"Col-0","Mock",1.02
76,3.56,"Col-0","Mock",2.34
75,5.74,"Col-0","Mock",2.47
74,3.45,"Col-0","Mock",2.71
73,3.74,"Col-0","Mock",2.72
72,4.08,"Col-0","Mock",2.42
71,3.8,"Col-0","Mock",1.44
70,4.12,"Col-0","Mock",2.61
69,4.27,"Col-0","Mock",2.49
68,5,"Col-0","Mock",1.86
67,5.44,"Col-0","Mock",2.78
66,4.24,"Col-0","Mock",3.64
65,4.26,"Col-0","Mock",2.7
64,3.11,"Col-0","Mock",2.32
63,3.73,"Col-0","Mock",2.61
62,2.26,"Col-0","Mock",2.56
61,3.62,"Col-0","Mock",2.57
60,3.23,"Col-0","Mock",2.41
59,3.23,"Col-0","Mock",2.29
58,2.64,"Col-0","Mock",2.55
57,1.69,"Col-0","Mock",1.99
56,2.81,"Col-0","Mock",1.91
55,2.75,"Col-0","Mock",2.52
54,3.74,"Col-0","Mock",2.02
53,3.68,"Col-0","Mock",3.03
52,4.13,"Col-0","Mock",1.33
51,3.33,"Col-0","Mock",2.87
50,3.7,"Col-0","Mock",2.18
49,4.63,"Col-0","Mock",2.61
48,2.44,"Col-0","Mock",2.14
47,3.71,"Col-0","Mock",2.35
46,5.26,"Col-0","Mock",2.45
45,3.81,"Col-0","Mock",2.69
44,5.48,"Col-0","Mock",2.23
43,5.43,"Col-0","Mock",2.4
42,3.81,"Col-0","Mock",2.1
41,3.82,"Col-0","Mock",2.65
40,3.78,"Col-0","Mock",2.4
39,4.58,"Col-0","Mock",2.18
38,4.13,"Col-0","Mock",2.33
37,3.31,"Col-0","Mock",2.16
36,4.55,"Col-0","Mock",1.3
35,3.9,"Col-0","Mock",2.18
34,5.91,"Col-0","Mock",2.24
33,5.01,"Col-0","Mock",2.68
32,4.48,"Col-0","Mock",2.32
31,3.73,"Col-0","Mock",2.29
30,3.2,"Col-0","Mock",2.23
29,6.63,"Col-0","Mock",3.37
28,5.21,"Col-0","Mock",2.33
27,6.01,"Col-0","Mock",1.95
26,5.03,"Col-0","Mock",3.74
25,3.61,"Col-0","Mock",2.52
24,2.77,"Col-0","Mock",2.6
23,5.09,"Col-0","Mock",2.32
22,3.09,"Col-0","Mock",1.81
21,3.16,"Col-0","Mock",1.69
20,4.21,"Col-0","Mock",2.55
19,2.25,"Col-0","Mock",2.64
18,3.5,"Col-0","Mock",2.68
17,4.88,"Col-0","Mock",3
16,2.48,"Col-0","Mock",2.23
15,2.89,"Col-0","Mock",1.9
14,3.71,"Col-0","Mock",2.09
13,4.39,"Col-0","Mock",2.33
12,6.42,"Col-0","Mock",3.69
11,4.99,"Col-0","Mock",2.62
10,5.36,"Col-0","Mock",3.1
9,3.5,"Col-0","Mock",2.64
8,2.65,"Col-0","Mock",2.2
7,6.64,"Col-0","Mock",2.5
6,4.94,"Col-0","Mock",2.02
5,2.15,"Col-0","Mock",1.67
4,5.47,"Col-0","Mock",1.12
3,3.81,"Col-0","Mock",2.29
2,3.89,"Col-0","Mock",2.11
1,4.88,"Col-0","Mock",2.32
