rootsample,Hair Root length,Genotype,Treatment
1,2.32,Col-0,Mock
2,2.11,Col-0,Mock
3,2.29,Col-0,Mock
4,1.12,Col-0,Mock
5,1.67,Col-0,Mock
6,2.02,Col-0,Mock
7,2.5,Col-0,Mock
8,2.2,Col-0,Mock
9,2.64,Col-0,Mock
10,3.1,Col-0,Mock
11,2.62,Col-0,Mock
12,3.69,Col-0,Mock
13,2.33,Col-0,Mock
14,2.09,Col-0,Mock
15,1.9,Col-0,Mock
16,2.23,Col-0,Mock
17,3,Col-0,Mock
18,2.68,Col-0,Mock
19,2.64,Col-0,Mock
20,2.55,Col-0,Mock
21,1.69,Col-0,Mock
22,1.81,Col-0,Mock
23,2.32,Col-0,Mock
24,2.6,Col-0,Mock
25,2.52,Col-0,Mock
26,3.74,Col-0,Mock
27,1.95,Col-0,Mock
28,2.33,Col-0,Mock
29,3.37,Col-0,Mock
30,2.23,Col-0,Mock
31,2.29,Col-0,Mock
32,2.32,Col-0,Mock
33,2.68,Col-0,Mock
34,2.24,Col-0,Mock
35,2.18,Col-0,Mock
36,1.3,Col-0,Mock
37,2.16,Col-0,Mock
38,2.33,Col-0,Mock
39,2.18,Col-0,Mock
40,2.4,Col-0,Mock
41,2.65,Col-0,Mock
42,2.1,Col-0,Mock
43,2.4,Col-0,Mock
44,2.23,Col-0,Mock
45,2.69,Col-0,Mock
46,2.45,Col-0,Mock
47,2.35,Col-0,Mock
48,2.14,Col-0,Mock
49,2.61,Col-0,Mock
50,2.18,Col-0,Mock
51,2.87,Col-0,Mock
52,1.33,Col-0,Mock
53,3.03,Col-0,Mock
54,2.02,Col-0,Mock
55,2.52,Col-0,Mock
56,1.91,Col-0,Mock
57,1.99,Col-0,Mock
58,2.55,Col-0,Mock
59,2.29,Col-0,Mock
60,2.41,Col-0,Mock
61,2.57,Col-0,Mock
62,2.56,Col-0,Mock
63,2.61,Col-0,Mock
64,2.32,Col-0,Mock
65,2.7,Col-0,Mock
66,3.64,Col-0,Mock
67,2.78,Col-0,Mock
68,1.86,Col-0,Mock
69,2.49,Col-0,Mock
70,2.61,Col-0,Mock
71,1.44,Col-0,Mock
72,2.42,Col-0,Mock
73,2.72,Col-0,Mock
74,2.71,Col-0,Mock
75,2.47,Col-0,Mock
76,2.34,Col-0,Mock
77,1.02,Col-0,Mock
78,1.91,Col-0,Mock
79,2.62,Col-0,Mock
80,2.07,Col-0,Mock
81,2.51,Col-0,Mock
82,2.43,Col-0,Mock
83,1.77,Col-0,Mock
84,3.11,Col-0,Mock
85,2.85,Col-0,Mock
86,2.97,Col-0,Mock
87,1.78,Col-0,Mock
88,2.34,Col-0,Mock
89,1.9,Col-0,Mock
90,2.23,Col-0,Mock
91,3.13,Col-0,Mock
92,3.03,Col-0,Mock
93,2.57,Col-0,Mock
94,2.97,Col-0,Mock
95,3.16,Col-0,Mock
96,2.47,Col-0,Mock
97,2.2,Col-0,Mock
98,3.23,Col-0,Mock
99,2.18,Col-0,Mock
100,2.97,Col-0,Mock
101,3.19,Col-0,Mock
102,2.25,Col-0,Mock
103,3.04,Col-0,Mock
104,1.88,Col-0,Mock
105,1.96,Col-0,Mock
106,2.6,Col-0,Mock
107,1.94,Col-0,Mock
108,1.65,Col-0,Mock
109,3.69,Col-0,Mock
110,2.04,Col-0,Mock
111,2.82,Col-0,Mock
112,2.53,Col-0,Mock
113,3.56,Col-0,Mock
114,2.15,Col-0,Mock
115,2.12,Col-0,Mock
116,1.81,Col-0,Mock
117,2.14,Col-0,Mock
118,2.37,Col-0,Mock
119,1.93,Col-0,Mock
120,1.92,Col-0,Mock
121,2.23,Col-0,Mock
122,1.71,Col-0,Mock
123,3.18,Col-0,Mock
124,2.44,Col-0,Mock
125,2.69,Col-0,Mock
126,2.24,Col-0,Mock
127,2.26,Col-0,Mock
128,2.08,Col-0,Mock
129,3.15,Col-0,Mock
130,2.13,Col-0,Mock
131,2.98,Col-0,Mock
132,3.03,Col-0,Mock
133,3.34,Col-0,Mock
134,2.39,Col-0,Mock
135,2.83,Col-0,Mock
136,2.73,Col-0,Mock
137,2.8,Col-0,Mock
138,2.04,Col-0,Mock
139,1.69,Col-0,Mock
140,2.27,Col-0,Mock
141,2.49,Col-0,Mock
142,2.7,Col-0,Mock
143,2.72,Col-0,Mock
144,3.12,Col-0,Mock
145,3.2,Col-0,Mock
146,2.46,Col-0,Mock
147,2.21,Col-0,Mock
148,2.22,Col-0,Mock
149,1.88,Col-0,Mock
150,2.43,Col-0,Mock
151,2.19,Col-0,Mock
152,3.38,Col-0,Mock
153,1.78,Col-0,Mock
154,2,Col-0,Mock
155,1.42,Col-0,Mock
156,1.84,Col-0,Mock
157,1.65,Col-0,Mock
158,2.33,Col-0,Mock
159,3.12,Col-0,Mock
160,2.41,Col-0,Mock
161,2.32,Col-0,Mock
162,2.09,Col-0,Mock
163,2.45,Col-0,Mock
164,2.24,Col-0,Mock
165,2.38,Col-0,Mock
166,2.98,Col-0,Mock
167,2.78,Col-0,Mock
168,1.56,Col-0,Mock
169,2.57,Col-0,Mock
170,1.82,Col-0,Mock
171,3.93,Col-0,Mock
172,3.23,Col-0,Mock
173,3.16,Col-0,Mock
174,2.27,Col-0,Mock
175,2.41,Col-0,Mock
176,1.69,Col-0,Mock
177,2.05,Col-0,Mock
178,2.18,Col-0,Mock
179,2.77,Col-0,Mock
180,1.76,Col-0,Mock
181,2,Col-0,Mock
182,2.46,Col-0,Mock
183,2.41,Col-0,Mock
184,2.82,Col-0,Mock
185,2.6,Col-0,Mock
186,1.82,Col-0,Mock
187,2.88,Col-0,Mock
188,1.97,Col-0,Mock
189,2.11,Col-0,Mock
190,2.16,Col-0,Mock
191,3.06,Col-0,Mock
192,2.85,Col-0,Mock
193,2.01,Col-0,Mock
194,1.6,Col-0,Mock
195,2.3,Col-0,Mock
196,1.7,Col-0,Mock
197,2.17,Col-0,Mock
198,2.52,Col-0,Mock
199,2.4,Col-0,Mock
200,2.39,Col-0,Mock
201,2.39,Col-0,Mock
202,2.68,Col-0,Mock
203,2.65,Col-0,Mock
204,1.35,Col-0,Mock
205,2.29,Col-0,Mock
206,2.35,Col-0,Mock
207,2.82,Col-0,Mock
208,2.81,Col-0,Mock
209,1.98,Col-0,Mock
210,2.15,Col-0,Mock
211,2.48,Col-0,Mock
212,2.99,Col-0,Mock
213,2.15,Col-0,Mock
214,3.42,Col-0,Mock
215,2.07,Col-0,Mock
216,2.54,Col-0,Mock
217,2.72,Col-0,Mock
218,2.33,Col-0,Mock
219,2.76,Col-0,Mock
220,2.36,Col-0,Mock
221,1.5,Col-0,Mock
222,2.24,Col-0,Mock
223,2.09,Col-0,Mock
224,2.71,Col-0,Mock
225,2.71,Col-0,Mock
226,2.65,Col-0,Mock
227,2.94,Col-0,Mock
228,1.97,Col-0,Mock
229,2.75,Col-0,Mock
230,1.42,Col-0,Mock
231,2.48,Col-0,Mock
232,1.49,Col-0,Mock
233,2.41,Col-0,Mock
234,2.32,Col-0,Mock
235,1.74,Col-0,Mock
236,2.93,Col-0,Mock
237,2.43,Col-0,Mock
238,2.69,Col-0,Mock
239,2.49,Col-0,Mock
240,1.76,Col-0,Mock
241,2.69,Col-0,Mock
242,2.73,Col-0,Mock
243,2.18,Col-0,Mock
244,2.18,Col-0,Mock
245,1.74,Col-0,Mock
246,2.31,Col-0,Mock
247,1.99,Col-0,Mock
248,2.39,Col-0,Mock
249,2.95,Col-0,Mock
250,2.58,Col-0,Mock
251,2.38,Col-0,Mock
252,2.19,Col-0,Mock
253,2.86,Col-0,Mock
254,2.37,Col-0,Mock
255,1.83,Col-0,Mock
256,3.44,Col-0,Mock
257,2.79,Col-0,Mock
258,2.22,Col-0,Mock
259,2.24,Col-0,Mock
260,2.56,Col-0,Mock
261,2.46,Col-0,Mock
262,2.98,Col-0,Mock
263,1.96,Col-0,Mock
264,2.22,Col-0,Mock
265,1.9,Col-0,Mock
266,3.42,Col-0,Mock
267,2.84,Col-0,Mock
268,1.83,Col-0,Mock
269,3.08,Col-0,Mock
270,2.17,Col-0,Mock
271,2.01,Col-0,Mock
272,2.71,Col-0,Mock
273,2.55,Col-0,Mock
274,3.12,Col-0,Mock
275,3.74,Col-0,Mock
276,2.48,Col-0,Mock
277,2.1,Col-0,Mock
278,3.1,Col-0,Mock
279,2.54,Col-0,Mock
280,2.8,Col-0,Mock
281,2.36,Col-0,Mock
282,2.52,Col-0,Mock
283,2.05,Col-0,Mock
284,2.35,Col-0,Mock
285,2,Col-0,Mock
286,1.92,Col-0,Mock
287,2.61,Col-0,Mock
288,2,Col-0,Mock
289,3.33,Col-0,Mock
290,2.2,Col-0,Mock
291,3.86,Col-0,Mock
292,2.32,Col-0,Mock
293,2.19,Col-0,Mock
294,2.99,Col-0,Mock
295,2.55,Col-0,Mock
296,2.53,Col-0,Mock
297,1.87,Col-0,Mock
298,3.11,Col-0,Mock
299,2.38,Col-0,Mock
300,2.47,Col-0,Mock
301,2.24,Col-0,Mock
302,2.52,Col-0,Mock
303,1.97,Col-0,Mock
304,2.57,Col-0,Mock
305,2.27,Col-0,Mock
306,2.94,Col-0,Mock
307,1.8,Col-0,Mock
308,2.83,Col-0,Mock
309,3.19,Col-0,Mock
310,2.41,Col-0,Mock
311,2.48,Col-0,Mock
312,2.31,Col-0,Mock
313,2.07,Col-0,Mock
314,2.46,Col-0,Mock
315,1.45,Col-0,Mock
316,3.55,Col-0,Mock
317,3,Col-0,Mock
318,1.96,Col-0,Mock
319,3.77,Col-0,Mock
320,1.98,Col-0,Mock
321,2.37,Col-0,Mock
322,3.11,Col-0,Mock
323,1.7,Col-0,Mock
324,2.64,Col-0,Mock
325,3.68,Col-0,Mock
326,1.5,Col-0,Mock
327,2.12,Col-0,Mock
328,2.1,Col-0,Mock
329,2.3,Col-0,Mock
330,2.43,Col-0,Mock
331,2.78,Col-0,Mock
332,2.63,Col-0,Mock
333,1.59,Col-0,Mock
334,2.14,Col-0,Mock
335,3.56,Col-0,Mock
336,2.42,Col-0,Mock
337,2.02,Col-0,Mock
338,2.68,Col-0,Mock
339,2.99,Col-0,Mock
340,1.84,Col-0,Mock
341,2.29,Col-0,Mock
342,2.74,Col-0,Mock
343,2.6,Col-0,Mock
344,1.66,Col-0,Mock
345,2.72,Col-0,Mock
346,1.89,Col-0,Mock
347,1.74,Col-0,Mock
348,2.6,Col-0,Mock
349,1.96,Col-0,Mock
350,2.28,Col-0,Mock
351,1.21,Col-0,Mock
352,3.01,Col-0,Mock
353,2.32,Col-0,Mock
354,2.77,Col-0,Mock
355,2.85,Col-0,Mock
356,3.17,Col-0,Mock
357,2.55,Col-0,Mock
358,2.27,Col-0,Mock
359,2.61,Col-0,Mock
360,2.77,Col-0,Mock
361,2.35,Col-0,Mock
362,2.5,Col-0,Mock
363,2.96,Col-0,Mock
364,2.78,Col-0,Mock
365,2.76,Col-0,Mock
366,2.45,Col-0,Mock
367,2.96,Col-0,Mock
368,2.59,Col-0,Mock
369,2.55,Col-0,Mock
370,2.7,Col-0,Mock
371,2.09,Col-0,Mock
372,2.31,Col-0,Mock
373,2.23,Col-0,Mock
374,2.46,Col-0,Mock
375,1.98,Col-0,Mock
376,2.73,Col-0,Mock
377,1.2,Col-0,Mock
378,2.04,Col-0,Mock
379,2.22,Col-0,Mock
380,2.73,Col-0,Mock
381,2.62,Col-0,Mock
382,2.84,Col-0,Mock
383,2.38,Col-0,Mock
384,2.54,Col-0,Mock
385,1.64,Col-0,Mock
386,3.16,Col-0,Mock
387,1.76,Col-0,Mock
388,2.3,Col-0,Mock
389,2.35,Col-0,Mock
390,2.72,Col-0,Mock
391,2.03,Col-0,Mock
392,2.69,Col-0,Mock
393,2.96,Col-0,Mock
394,2.02,Col-0,Mock
395,2.56,Col-0,Mock
396,1.68,Col-0,Mock
397,1.68,Col-0,Mock
398,1.61,Col-0,Mock
399,2.65,Col-0,Mock
400,2.29,Col-0,Mock
401,2.66,Col-0,Mock
402,2.75,Col-0,Mock
403,3.04,Col-0,Mock
404,3.11,Col-0,Mock
405,2.1,Col-0,Mock
406,2.15,Col-0,Mock
407,2.79,Col-0,Mock
408,2.93,Col-0,Mock
409,2.17,Col-0,Mock
410,2.18,Col-0,Mock
411,2.13,Col-0,Mock
412,2.46,Col-0,Mock
413,1.84,Col-0,Mock
414,2.06,Col-0,Mock
415,1.91,Col-0,Mock
416,3.6,Col-0,Mock
417,2.82,Col-0,Mock
418,2.56,Col-0,Mock
419,2.44,Col-0,Mock
420,1.96,Col-0,Mock
421,2.3,Col-0,Mock
422,3.09,Col-0,Mock
423,1.66,Col-0,Mock
424,1.77,Col-0,Mock
425,3.01,Col-0,Mock
426,2.31,Col-0,Mock
427,2.39,Col-0,Mock
428,1.2,Col-0,Mock
429,1.78,Col-0,Mock
430,3.2,Col-0,Mock
431,3.28,Col-0,Mock
432,2.39,Col-0,Mock
433,3.59,Col-0,Mock
434,2.29,Col-0,Mock
435,2.44,Col-0,Mock
436,2.18,Col-0,Mock
437,2.37,Col-0,Mock
438,2.52,Col-0,Mock
439,2.07,Col-0,Mock
440,2.36,Col-0,Mock
441,2.5,Col-0,Mock
442,2.53,Col-0,Mock
443,2.7,Col-0,Mock
444,2.05,Col-0,Mock
445,2.42,Col-0,Mock
446,1.55,Col-0,Mock
447,3.33,Col-0,Mock
448,2.52,Col-0,Mock
449,2.07,Col-0,Mock
450,2.38,Col-0,Mock
451,2.97,Col-0,Mock
452,2.57,Col-0,Mock
453,2.72,Col-0,Mock
454,2.09,Col-0,Mock
455,2.13,Col-0,Mock
456,2.01,Col-0,Mock
457,2.8,Col-0,Mock
458,2.39,Col-0,Mock
459,2.16,Col-0,Mock
460,1.84,Col-0,Mock
461,3.48,Col-0,Mock
462,1.44,Col-0,Mock
463,2.32,Col-0,Mock
464,2.69,Col-0,Mock
465,2.5,Col-0,Mock
466,2.52,Col-0,Mock
467,2.34,Col-0,Mock
468,2.23,Col-0,Mock
469,1.88,Col-0,Mock
470,2.61,Col-0,Mock
471,2.36,Col-0,Mock
472,2.68,Col-0,Mock
473,1.8,Col-0,Mock
474,2.2,Col-0,Mock
475,2.24,Col-0,Mock
476,2.29,Col-0,Mock
477,1.98,Col-0,Mock
478,2.74,Col-0,Mock
479,2.49,Col-0,Mock
480,2.31,Col-0,Mock
481,1.98,Col-0,Mock
482,3.03,Col-0,Mock
483,2.64,Col-0,Mock
484,2.35,Col-0,Mock
485,2.73,Col-0,Mock
486,2.13,Col-0,Mock
487,2.35,Col-0,Mock
488,2.85,Col-0,Mock
489,2.66,Col-0,Mock
490,1.95,Col-0,Mock
491,2.5,Col-0,Mock
492,2.54,Col-0,Mock
493,2.17,Col-0,Mock
494,2.88,Col-0,Mock
495,3.22,Col-0,Mock
496,1.8,Col-0,Mock
497,2.74,Col-0,Mock
498,2.28,Col-0,Mock
499,2.72,Col-0,Mock
500,3.28,Col-0,Mock
501,1.12,Col-0,GA
502,1.02,Col-0,GA
503,-0.08,Col-0,GA
504,0.75,Col-0,GA
505,1.35,Col-0,GA
506,1.82,Col-0,GA
507,1.16,Col-0,GA
508,0.55,Col-0,GA
509,1.63,Col-0,GA
510,0.46,Col-0,GA
511,0.74,Col-0,GA
512,0.86,Col-0,GA
513,1.02,Col-0,GA
514,1.13,Col-0,GA
515,0.75,Col-0,GA
516,1.21,Col-0,GA
517,0.72,Col-0,GA
518,0.97,Col-0,GA
519,0.41,Col-0,GA
520,1.15,Col-0,GA
521,0.68,Col-0,GA
522,1.23,Col-0,GA
523,1.06,Col-0,GA
524,0.76,Col-0,GA
525,1.08,Col-0,GA
526,0.92,Col-0,GA
527,0.6,Col-0,GA
528,1.07,Col-0,GA
529,0.79,Col-0,GA
530,1.45,Col-0,GA
531,0.66,Col-0,GA
532,1.14,Col-0,GA
533,1.44,Col-0,GA
534,0.48,Col-0,GA
535,0.81,Col-0,GA
536,1.12,Col-0,GA
537,1.02,Col-0,GA
538,1.34,Col-0,GA
539,0.45,Col-0,GA
540,1.41,Col-0,GA
541,0.8,Col-0,GA
542,1.71,Col-0,GA
543,1.44,Col-0,GA
544,1.01,Col-0,GA
545,1.62,Col-0,GA
546,1.31,Col-0,GA
547,0.71,Col-0,GA
548,1.45,Col-0,GA
549,1.52,Col-0,GA
550,1.3,Col-0,GA
551,0.66,Col-0,GA
552,1.16,Col-0,GA
553,0.74,Col-0,GA
554,1.46,Col-0,GA
555,1.64,Col-0,GA
556,1.2,Col-0,GA
557,0.47,Col-0,GA
558,1.55,Col-0,GA
559,1.68,Col-0,GA
560,1.5,Col-0,GA
561,0.32,Col-0,GA
562,1.39,Col-0,GA
563,1.7,Col-0,GA
564,0.63,Col-0,GA
565,1.23,Col-0,GA
566,0.85,Col-0,GA
567,0.91,Col-0,GA
568,0.7,Col-0,GA
569,0.85,Col-0,GA
570,0.58,Col-0,GA
571,0.16,Col-0,GA
572,0.75,Col-0,GA
573,1.9,Col-0,GA
574,0.81,Col-0,GA
575,0.97,Col-0,GA
576,1.15,Col-0,GA
577,1.32,Col-0,GA
578,1.96,Col-0,GA
579,0.46,Col-0,GA
580,1.22,Col-0,GA
581,1.62,Col-0,GA
582,0.48,Col-0,GA
583,0.42,Col-0,GA
584,1.07,Col-0,GA
585,1,Col-0,GA
586,0.91,Col-0,GA
587,1.48,Col-0,GA
588,1.49,Col-0,GA
589,0.74,Col-0,GA
590,1.13,Col-0,GA
591,0.55,Col-0,GA
592,0.35,Col-0,GA
593,0.85,Col-0,GA
594,1.12,Col-0,GA
595,0.6,Col-0,GA
596,0.94,Col-0,GA
597,2.03,Col-0,GA
598,0.98,Col-0,GA
599,1.2,Col-0,GA
600,0.65,Col-0,GA
601,0.68,Col-0,GA
602,0.79,Col-0,GA
603,1.04,Col-0,GA
604,1.07,Col-0,GA
605,1.61,Col-0,GA
606,0.97,Col-0,GA
607,1.26,Col-0,GA
608,1.61,Col-0,GA
609,0.48,Col-0,GA
610,0.91,Col-0,GA
611,0.81,Col-0,GA
612,1.3,Col-0,GA
613,1.01,Col-0,GA
614,0.64,Col-0,GA
615,1.17,Col-0,GA
616,1.46,Col-0,GA
617,1.11,Col-0,GA
618,0.57,Col-0,GA
619,0.47,Col-0,GA
620,2.04,Col-0,GA
621,1.57,Col-0,GA
622,0.45,Col-0,GA
623,0.83,Col-0,GA
624,1,Col-0,GA
625,1.22,Col-0,GA
626,0.75,Col-0,GA
627,1.51,Col-0,GA
628,1.64,Col-0,GA
629,0.86,Col-0,GA
630,1.01,Col-0,GA
631,0.48,Col-0,GA
632,1.03,Col-0,GA
633,1.25,Col-0,GA
634,0.77,Col-0,GA
635,1.19,Col-0,GA
636,1.63,Col-0,GA
637,1.08,Col-0,GA
638,0.74,Col-0,GA
639,0.76,Col-0,GA
640,0.58,Col-0,GA
641,0.58,Col-0,GA
642,0.37,Col-0,GA
643,0.63,Col-0,GA
644,1.52,Col-0,GA
645,0.88,Col-0,GA
646,1.05,Col-0,GA
647,0.72,Col-0,GA
648,0.41,Col-0,GA
649,1.3,Col-0,GA
650,0.79,Col-0,GA
651,1.35,Col-0,GA
652,0.78,Col-0,GA
653,0.56,Col-0,GA
654,1.91,Col-0,GA
655,1.28,Col-0,GA
656,0.52,Col-0,GA
657,1.29,Col-0,GA
658,1.55,Col-0,GA
659,0.58,Col-0,GA
660,1.3,Col-0,GA
661,0.91,Col-0,GA
662,0.86,Col-0,GA
663,1.45,Col-0,GA
664,1.31,Col-0,GA
665,0.88,Col-0,GA
666,1.58,Col-0,GA
667,1.16,Col-0,GA
668,0.46,Col-0,GA
669,0.4,Col-0,GA
670,0.97,Col-0,GA
671,0.93,Col-0,GA
672,1.23,Col-0,GA
673,0.13,Col-0,GA
674,1.15,Col-0,GA
675,1.05,Col-0,GA
676,1.01,Col-0,GA
677,0.28,Col-0,GA
678,0.51,Col-0,GA
679,1.05,Col-0,GA
680,1.27,Col-0,GA
681,0.54,Col-0,GA
682,1.33,Col-0,GA
683,0.87,Col-0,GA
684,0.33,Col-0,GA
685,0.67,Col-0,GA
686,1.34,Col-0,GA
687,0.87,Col-0,GA
688,1.32,Col-0,GA
689,0.75,Col-0,GA
690,1.26,Col-0,GA
691,1.1,Col-0,GA
692,1.11,Col-0,GA
693,0.93,Col-0,GA
694,0.8,Col-0,GA
695,0.6,Col-0,GA
696,1.12,Col-0,GA
697,1.83,Col-0,GA
698,0.88,Col-0,GA
699,0.81,Col-0,GA
700,0.75,Col-0,GA
701,1.05,Col-0,GA
702,0.95,Col-0,GA
703,1.28,Col-0,GA
704,1.35,Col-0,GA
705,1.21,Col-0,GA
706,0.77,Col-0,GA
707,0.9,Col-0,GA
708,1.11,Col-0,GA
709,0.97,Col-0,GA
710,0.41,Col-0,GA
711,0.81,Col-0,GA
712,0.79,Col-0,GA
713,0.63,Col-0,GA
714,1.06,Col-0,GA
715,0.97,Col-0,GA
716,1.14,Col-0,GA
717,0.78,Col-0,GA
718,0.72,Col-0,GA
719,0.53,Col-0,GA
720,0.87,Col-0,GA
721,1.01,Col-0,GA
722,1.3,Col-0,GA
723,1.49,Col-0,GA
724,1.35,Col-0,GA
725,0.88,Col-0,GA
726,0.95,Col-0,GA
727,0.41,Col-0,GA
728,0.75,Col-0,GA
729,0.72,Col-0,GA
730,0.6,Col-0,GA
731,0.9,Col-0,GA
732,1.22,Col-0,GA
733,1.52,Col-0,GA
734,1.49,Col-0,GA
735,0.59,Col-0,GA
736,0.23,Col-0,GA
737,0.69,Col-0,GA
738,0.41,Col-0,GA
739,1.16,Col-0,GA
740,0.58,Col-0,GA
741,0.84,Col-0,GA
742,0.98,Col-0,GA
743,0.98,Col-0,GA
744,0.86,Col-0,GA
745,1.04,Col-0,GA
746,0.83,Col-0,GA
747,1.2,Col-0,GA
748,0.31,Col-0,GA
749,1.39,Col-0,GA
750,0.94,Col-0,GA
751,1.03,Col-0,GA
752,0.73,Col-0,GA
753,0.44,Col-0,GA
754,1.12,Col-0,GA
755,0.65,Col-0,GA
756,1.02,Col-0,GA
757,0.96,Col-0,GA
758,0.73,Col-0,GA
759,1.15,Col-0,GA
760,0.94,Col-0,GA
761,1.31,Col-0,GA
762,1.01,Col-0,GA
763,0.4,Col-0,GA
764,1.24,Col-0,GA
765,0.63,Col-0,GA
766,1.14,Col-0,GA
767,0.63,Col-0,GA
768,0.64,Col-0,GA
769,1.09,Col-0,GA
770,1.7,Col-0,GA
771,0.95,Col-0,GA
772,1.07,Col-0,GA
773,1.32,Col-0,GA
774,0.84,Col-0,GA
775,1.27,Col-0,GA
776,0.69,Col-0,GA
777,1.36,Col-0,GA
778,1.11,Col-0,GA
779,1.18,Col-0,GA
780,0.42,Col-0,GA
781,0.25,Col-0,GA
782,1.14,Col-0,GA
783,0.33,Col-0,GA
784,0.5,Col-0,GA
785,1.26,Col-0,GA
786,1.55,Col-0,GA
787,1.39,Col-0,GA
788,1.25,Col-0,GA
789,0.83,Col-0,GA
790,0.75,Col-0,GA
791,1.2,Col-0,GA
792,0.15,Col-0,GA
793,0.95,Col-0,GA
794,0.85,Col-0,GA
795,0.85,Col-0,GA
796,0.62,Col-0,GA
797,1.25,Col-0,GA
798,0.93,Col-0,GA
799,1.09,Col-0,GA
800,1.54,Col-0,GA
801,1.05,Col-0,GA
802,0.95,Col-0,GA
803,1.24,Col-0,GA
804,1.13,Col-0,GA
805,1.16,Col-0,GA
806,-0.2,Col-0,GA
807,1.14,Col-0,GA
808,1.28,Col-0,GA
809,0.99,Col-0,GA
810,0.62,Col-0,GA
811,0.5,Col-0,GA
812,1.36,Col-0,GA
813,1.02,Col-0,GA
814,1.27,Col-0,GA
815,0.68,Col-0,GA
816,1.24,Col-0,GA
817,1.15,Col-0,GA
818,1.28,Col-0,GA
819,0.89,Col-0,GA
820,1.11,Col-0,GA
821,1.17,Col-0,GA
822,0.99,Col-0,GA
823,1.59,Col-0,GA
824,0.85,Col-0,GA
825,1.11,Col-0,GA
826,0.96,Col-0,GA
827,1.61,Col-0,GA
828,1.11,Col-0,GA
829,0.21,Col-0,GA
830,0.46,Col-0,GA
831,0.93,Col-0,GA
832,1.35,Col-0,GA
833,0.65,Col-0,GA
834,0.58,Col-0,GA
835,0.99,Col-0,GA
836,0.61,Col-0,GA
837,0.14,Col-0,GA
838,0.65,Col-0,GA
839,0.73,Col-0,GA
840,0.64,Col-0,GA
841,1.11,Col-0,GA
842,1.89,Col-0,GA
843,0.47,Col-0,GA
844,0.69,Col-0,GA
845,0.76,Col-0,GA
846,1,Col-0,GA
847,-0.01,Col-0,GA
848,0.65,Col-0,GA
849,1.29,Col-0,GA
850,1.62,Col-0,GA
851,1.1,Col-0,GA
852,1.12,Col-0,GA
853,0.4,Col-0,GA
854,0.1,Col-0,GA
855,1,Col-0,GA
856,1.02,Col-0,GA
857,1.54,Col-0,GA
858,1.13,Col-0,GA
859,0.13,Col-0,GA
860,1.49,Col-0,GA
861,0.73,Col-0,GA
862,0.68,Col-0,GA
863,1.27,Col-0,GA
864,0.9,Col-0,GA
865,-0.08,Col-0,GA
866,1.53,Col-0,GA
867,1.11,Col-0,GA
868,0.98,Col-0,GA
869,0.97,Col-0,GA
870,1.16,Col-0,GA
871,1.3,Col-0,GA
872,0.76,Col-0,GA
873,1.24,Col-0,GA
874,0.2,Col-0,GA
875,1.43,Col-0,GA
876,1.33,Col-0,GA
877,0.84,Col-0,GA
878,0.44,Col-0,GA
879,0.61,Col-0,GA
880,0.86,Col-0,GA
881,0.88,Col-0,GA
882,1.06,Col-0,GA
883,0.34,Col-0,GA
884,1.65,Col-0,GA
885,1.39,Col-0,GA
886,0.87,Col-0,GA
887,1.54,Col-0,GA
888,1.51,Col-0,GA
889,1.35,Col-0,GA
890,0.88,Col-0,GA
891,0.53,Col-0,GA
892,1.54,Col-0,GA
893,0.69,Col-0,GA
894,0.74,Col-0,GA
895,0.8,Col-0,GA
896,1.35,Col-0,GA
897,0.36,Col-0,GA
898,1.6,Col-0,GA
899,1.07,Col-0,GA
900,0.84,Col-0,GA
901,1.44,Col-0,GA
902,1.85,Col-0,GA
903,1.03,Col-0,GA
904,0.57,Col-0,GA
905,0.79,Col-0,GA
906,1.55,Col-0,GA
907,1.08,Col-0,GA
908,1.11,Col-0,GA
909,0.9,Col-0,GA
910,0.94,Col-0,GA
911,1.41,Col-0,GA
912,1.25,Col-0,GA
913,1,Col-0,GA
914,1.35,Col-0,GA
915,1.44,Col-0,GA
916,0.42,Col-0,GA
917,1.13,Col-0,GA
918,1.11,Col-0,GA
919,1.79,Col-0,GA
920,1.07,Col-0,GA
921,1.59,Col-0,GA
922,1.6,Col-0,GA
923,1.48,Col-0,GA
924,0.7,Col-0,GA
925,0.77,Col-0,GA
926,1.8,Col-0,GA
927,1.42,Col-0,GA
928,0.96,Col-0,GA
929,0.54,Col-0,GA
930,0.14,Col-0,GA
931,1.81,Col-0,GA
932,1.16,Col-0,GA
933,0.66,Col-0,GA
934,0.7,Col-0,GA
935,1.49,Col-0,GA
936,1.04,Col-0,GA
937,0.89,Col-0,GA
938,0.74,Col-0,GA
939,0.28,Col-0,GA
940,1.08,Col-0,GA
941,1.07,Col-0,GA
942,1.21,Col-0,GA
943,0.56,Col-0,GA
944,1.77,Col-0,GA
945,0.02,Col-0,GA
946,1.48,Col-0,GA
947,0.47,Col-0,GA
948,1.27,Col-0,GA
949,1.8,Col-0,GA
950,1.37,Col-0,GA
951,0.87,Col-0,GA
952,0.45,Col-0,GA
953,0.88,Col-0,GA
954,0.87,Col-0,GA
955,1.25,Col-0,GA
956,1.01,Col-0,GA
957,0.22,Col-0,GA
958,0.25,Col-0,GA
959,0.87,Col-0,GA
960,1.48,Col-0,GA
961,1.01,Col-0,GA
962,0.61,Col-0,GA
963,1.04,Col-0,GA
964,1.44,Col-0,GA
965,0.68,Col-0,GA
966,0.4,Col-0,GA
967,0.52,Col-0,GA
968,1.38,Col-0,GA
969,1.46,Col-0,GA
970,0.98,Col-0,GA
971,0.87,Col-0,GA
972,0.3,Col-0,GA
973,1.08,Col-0,GA
974,1.13,Col-0,GA
975,0.52,Col-0,GA
976,0.84,Col-0,GA
977,0.84,Col-0,GA
978,0.94,Col-0,GA
979,1.35,Col-0,GA
980,0.92,Col-0,GA
981,0.63,Col-0,GA
982,1.06,Col-0,GA
983,0.67,Col-0,GA
984,1.02,Col-0,GA
985,0.67,Col-0,GA
986,0.39,Col-0,GA
987,1.1,Col-0,GA
988,0.93,Col-0,GA
989,0.85,Col-0,GA
990,1.29,Col-0,GA
991,1.11,Col-0,GA
992,1.02,Col-0,GA
993,0.66,Col-0,GA
994,0.92,Col-0,GA
995,1.04,Col-0,GA
996,1.03,Col-0,GA
997,0.75,Col-0,GA
998,1.18,Col-0,GA
999,0.57,Col-0,GA
1000,0.73,Col-0,GA
1001,2.61,Col-0,PAC
1002,3.55,Col-0,PAC
1003,2.75,Col-0,PAC
1004,2.57,Col-0,PAC
1005,2.56,Col-0,PAC
1006,2.65,Col-0,PAC
1007,2.72,Col-0,PAC
1008,2.77,Col-0,PAC
1009,3.02,Col-0,PAC
1010,3.13,Col-0,PAC
1011,2.36,Col-0,PAC
1012,3.18,Col-0,PAC
1013,2.91,Col-0,PAC
1014,2.89,Col-0,PAC
1015,2.62,Col-0,PAC
1016,2.53,Col-0,PAC
1017,2.92,Col-0,PAC
1018,2.22,Col-0,PAC
1019,2.74,Col-0,PAC
1020,3,Col-0,PAC
1021,2.65,Col-0,PAC
1022,3.49,Col-0,PAC
1023,3.5,Col-0,PAC
1024,2.62,Col-0,PAC
1025,3.3,Col-0,PAC
1026,2.21,Col-0,PAC
1027,2.59,Col-0,PAC
1028,2.64,Col-0,PAC
1029,3.03,Col-0,PAC
1030,2.67,Col-0,PAC
1031,3.32,Col-0,PAC
1032,2.34,Col-0,PAC
1033,2.67,Col-0,PAC
1034,2.81,Col-0,PAC
1035,3.17,Col-0,PAC
1036,2.41,Col-0,PAC
1037,2.53,Col-0,PAC
1038,3.1,Col-0,PAC
1039,2.64,Col-0,PAC
1040,3.18,Col-0,PAC
1041,2.71,Col-0,PAC
1042,2.77,Col-0,PAC
1043,3.01,Col-0,PAC
1044,2.44,Col-0,PAC
1045,2.71,Col-0,PAC
1046,2.12,Col-0,PAC
1047,2.1,Col-0,PAC
1048,3.06,Col-0,PAC
1049,1.94,Col-0,PAC
1050,2.87,Col-0,PAC
1051,2.15,Col-0,PAC
1052,2.84,Col-0,PAC
1053,2.19,Col-0,PAC
1054,3.1,Col-0,PAC
1055,3.68,Col-0,PAC
1056,2.45,Col-0,PAC
1057,2.81,Col-0,PAC
1058,2.99,Col-0,PAC
1059,2.15,Col-0,PAC
1060,2.03,Col-0,PAC
1061,2.14,Col-0,PAC
1062,2.96,Col-0,PAC
1063,2.8,Col-0,PAC
1064,2.84,Col-0,PAC
1065,2.95,Col-0,PAC
1066,2.82,Col-0,PAC
1067,2.36,Col-0,PAC
1068,2.1,Col-0,PAC
1069,2.27,Col-0,PAC
1070,2.48,Col-0,PAC
1071,2.43,Col-0,PAC
1072,2.85,Col-0,PAC
1073,3.07,Col-0,PAC
1074,2.84,Col-0,PAC
1075,2.9,Col-0,PAC
1076,2.2,Col-0,PAC
1077,2.22,Col-0,PAC
1078,2.27,Col-0,PAC
1079,2.48,Col-0,PAC
1080,2.62,Col-0,PAC
1081,2.73,Col-0,PAC
1082,2.85,Col-0,PAC
1083,3.27,Col-0,PAC
1084,3.21,Col-0,PAC
1085,3.06,Col-0,PAC
1086,3.06,Col-0,PAC
1087,3.01,Col-0,PAC
1088,2.32,Col-0,PAC
1089,3.16,Col-0,PAC
1090,2.38,Col-0,PAC
1091,3.12,Col-0,PAC
1092,3.21,Col-0,PAC
1093,2.61,Col-0,PAC
1094,2.47,Col-0,PAC
1095,2.41,Col-0,PAC
1096,3.11,Col-0,PAC
1097,3.03,Col-0,PAC
1098,2.66,Col-0,PAC
1099,2.81,Col-0,PAC
1100,2.32,Col-0,PAC
1101,2.09,Col-0,PAC
1102,2.86,Col-0,PAC
1103,3.04,Col-0,PAC
1104,2.5,Col-0,PAC
1105,3,Col-0,PAC
1106,3.24,Col-0,PAC
1107,2.97,Col-0,PAC
1108,2.51,Col-0,PAC
1109,2.54,Col-0,PAC
1110,3.02,Col-0,PAC
1111,2.9,Col-0,PAC
1112,2.07,Col-0,PAC
1113,3.3,Col-0,PAC
1114,3.24,Col-0,PAC
1115,2.39,Col-0,PAC
1116,2.14,Col-0,PAC
1117,3.25,Col-0,PAC
1118,2.71,Col-0,PAC
1119,2.28,Col-0,PAC
1120,3.49,Col-0,PAC
1121,3.5,Col-0,PAC
1122,2.51,Col-0,PAC
1123,3.1,Col-0,PAC
1124,2.75,Col-0,PAC
1125,3.29,Col-0,PAC
1126,2.62,Col-0,PAC
1127,2.65,Col-0,PAC
1128,2.47,Col-0,PAC
1129,2.71,Col-0,PAC
1130,2.95,Col-0,PAC
1131,2.43,Col-0,PAC
1132,1.92,Col-0,PAC
1133,2.18,Col-0,PAC
1134,2.85,Col-0,PAC
1135,2.67,Col-0,PAC
1136,3.25,Col-0,PAC
1137,2.26,Col-0,PAC
1138,2.77,Col-0,PAC
1139,2.39,Col-0,PAC
1140,2.43,Col-0,PAC
1141,2.63,Col-0,PAC
1142,3.14,Col-0,PAC
1143,3.06,Col-0,PAC
1144,2.49,Col-0,PAC
1145,2.29,Col-0,PAC
1146,3.11,Col-0,PAC
1147,3.33,Col-0,PAC
1148,2.25,Col-0,PAC
1149,2.83,Col-0,PAC
1150,2.66,Col-0,PAC
1151,3.39,Col-0,PAC
1152,3.14,Col-0,PAC
1153,2.63,Col-0,PAC
1154,3.2,Col-0,PAC
1155,3.22,Col-0,PAC
1156,2.09,Col-0,PAC
1157,2.75,Col-0,PAC
1158,2.88,Col-0,PAC
1159,2.34,Col-0,PAC
1160,2.12,Col-0,PAC
1161,2.83,Col-0,PAC
1162,2.4,Col-0,PAC
1163,2.04,Col-0,PAC
1164,3.51,Col-0,PAC
1165,3.09,Col-0,PAC
1166,2.95,Col-0,PAC
1167,2.97,Col-0,PAC
1168,2.8,Col-0,PAC
1169,2.71,Col-0,PAC
1170,2.49,Col-0,PAC
1171,2.21,Col-0,PAC
1172,3.17,Col-0,PAC
1173,2.76,Col-0,PAC
1174,2.92,Col-0,PAC
1175,3.08,Col-0,PAC
1176,2.67,Col-0,PAC
1177,3.01,Col-0,PAC
1178,3.02,Col-0,PAC
1179,2.96,Col-0,PAC
1180,3.31,Col-0,PAC
1181,2.64,Col-0,PAC
1182,2.9,Col-0,PAC
1183,2.72,Col-0,PAC
1184,2.69,Col-0,PAC
1185,2.68,Col-0,PAC
1186,2.24,Col-0,PAC
1187,2.77,Col-0,PAC
1188,1.73,Col-0,PAC
1189,2.79,Col-0,PAC
1190,3.42,Col-0,PAC
1191,2.76,Col-0,PAC
1192,2.22,Col-0,PAC
1193,2.22,Col-0,PAC
1194,2.26,Col-0,PAC
1195,3.17,Col-0,PAC
1196,2.28,Col-0,PAC
1197,3.14,Col-0,PAC
1198,2.6,Col-0,PAC
1199,3,Col-0,PAC
1200,2.23,Col-0,PAC
1201,3.02,Col-0,PAC
1202,2.44,Col-0,PAC
1203,2.87,Col-0,PAC
1204,2.57,Col-0,PAC
1205,3.02,Col-0,PAC
1206,2.15,Col-0,PAC
1207,2.33,Col-0,PAC
1208,2.41,Col-0,PAC
1209,2.85,Col-0,PAC
1210,3.08,Col-0,PAC
1211,1.91,Col-0,PAC
1212,3.26,Col-0,PAC
1213,3.05,Col-0,PAC
1214,3.23,Col-0,PAC
1215,2.66,Col-0,PAC
1216,2.75,Col-0,PAC
1217,2.77,Col-0,PAC
1218,2.68,Col-0,PAC
1219,2.11,Col-0,PAC
1220,2.57,Col-0,PAC
1221,3.11,Col-0,PAC
1222,2.95,Col-0,PAC
1223,2.65,Col-0,PAC
1224,1.99,Col-0,PAC
1225,2.63,Col-0,PAC
1226,2.75,Col-0,PAC
1227,3.03,Col-0,PAC
1228,3.43,Col-0,PAC
1229,2.58,Col-0,PAC
1230,2.63,Col-0,PAC
1231,2.54,Col-0,PAC
1232,2.42,Col-0,PAC
1233,2.65,Col-0,PAC
1234,2.44,Col-0,PAC
1235,2.4,Col-0,PAC
1236,2.74,Col-0,PAC
1237,3.21,Col-0,PAC
1238,3.1,Col-0,PAC
1239,3.1,Col-0,PAC
1240,2.76,Col-0,PAC
1241,3.29,Col-0,PAC
1242,2.69,Col-0,PAC
1243,3.08,Col-0,PAC
1244,2.66,Col-0,PAC
1245,3.05,Col-0,PAC
1246,2.91,Col-0,PAC
1247,3,Col-0,PAC
1248,2.53,Col-0,PAC
1249,2.21,Col-0,PAC
1250,2.35,Col-0,PAC
1251,2.63,Col-0,PAC
1252,3.08,Col-0,PAC
1253,2.42,Col-0,PAC
1254,2.82,Col-0,PAC
1255,3.08,Col-0,PAC
1256,3.43,Col-0,PAC
1257,2.77,Col-0,PAC
1258,2.43,Col-0,PAC
1259,2.5,Col-0,PAC
1260,1.99,Col-0,PAC
1261,2.21,Col-0,PAC
1262,2.33,Col-0,PAC
1263,2.91,Col-0,PAC
1264,2.38,Col-0,PAC
1265,3.29,Col-0,PAC
1266,2.06,Col-0,PAC
1267,3.04,Col-0,PAC
1268,2.1,Col-0,PAC
1269,3.14,Col-0,PAC
1270,3.04,Col-0,PAC
1271,1.88,Col-0,PAC
1272,2.59,Col-0,PAC
1273,2.74,Col-0,PAC
1274,2.63,Col-0,PAC
1275,2.77,Col-0,PAC
1276,2.33,Col-0,PAC
1277,2.53,Col-0,PAC
1278,2.42,Col-0,PAC
1279,2.95,Col-0,PAC
1280,2.22,Col-0,PAC
1281,2.7,Col-0,PAC
1282,2.98,Col-0,PAC
1283,2.71,Col-0,PAC
1284,2.51,Col-0,PAC
1285,3.01,Col-0,PAC
1286,3.11,Col-0,PAC
1287,3.17,Col-0,PAC
1288,2.88,Col-0,PAC
1289,2.3,Col-0,PAC
1290,2.21,Col-0,PAC
1291,1.9,Col-0,PAC
1292,2.58,Col-0,PAC
1293,2.73,Col-0,PAC
1294,3.15,Col-0,PAC
1295,2.83,Col-0,PAC
1296,2.91,Col-0,PAC
1297,2.49,Col-0,PAC
1298,2.65,Col-0,PAC
1299,2.32,Col-0,PAC
1300,3.32,Col-0,PAC
1301,2.59,Col-0,PAC
1302,2.55,Col-0,PAC
1303,2.88,Col-0,PAC
1304,2.12,Col-0,PAC
1305,2.82,Col-0,PAC
1306,2.72,Col-0,PAC
1307,2.69,Col-0,PAC
1308,2.38,Col-0,PAC
1309,2.07,Col-0,PAC
1310,2.85,Col-0,PAC
1311,2.4,Col-0,PAC
1312,2.89,Col-0,PAC
1313,2.06,Col-0,PAC
1314,2.58,Col-0,PAC
1315,2.37,Col-0,PAC
1316,2.46,Col-0,PAC
1317,3.27,Col-0,PAC
1318,2.71,Col-0,PAC
1319,2.74,Col-0,PAC
1320,2.48,Col-0,PAC
1321,2.55,Col-0,PAC
1322,2.54,Col-0,PAC
1323,2.76,Col-0,PAC
1324,3.1,Col-0,PAC
1325,2.8,Col-0,PAC
1326,2.3,Col-0,PAC
1327,2.68,Col-0,PAC
1328,2.59,Col-0,PAC
1329,3.13,Col-0,PAC
1330,2.62,Col-0,PAC
1331,2.27,Col-0,PAC
1332,2.27,Col-0,PAC
1333,3.17,Col-0,PAC
1334,2.95,Col-0,PAC
1335,2.83,Col-0,PAC
1336,3.2,Col-0,PAC
1337,2.46,Col-0,PAC
1338,2.39,Col-0,PAC
1339,3.32,Col-0,PAC
1340,2.55,Col-0,PAC
1341,2.95,Col-0,PAC
1342,2.68,Col-0,PAC
1343,2.32,Col-0,PAC
1344,2.7,Col-0,PAC
1345,2.46,Col-0,PAC
1346,2.16,Col-0,PAC
1347,2.6,Col-0,PAC
1348,2.34,Col-0,PAC
1349,2.8,Col-0,PAC
1350,2.95,Col-0,PAC
1351,2.83,Col-0,PAC
1352,2.62,Col-0,PAC
1353,1.96,Col-0,PAC
1354,2.92,Col-0,PAC
1355,3.62,Col-0,PAC
1356,2.65,Col-0,PAC
1357,2.48,Col-0,PAC
1358,2.8,Col-0,PAC
1359,2.19,Col-0,PAC
1360,2.81,Col-0,PAC
1361,2.21,Col-0,PAC
1362,2.24,Col-0,PAC
1363,2.6,Col-0,PAC
1364,2.75,Col-0,PAC
1365,3.13,Col-0,PAC
1366,2.83,Col-0,PAC
1367,2.61,Col-0,PAC
1368,2.36,Col-0,PAC
1369,2.61,Col-0,PAC
1370,2.84,Col-0,PAC
1371,2.45,Col-0,PAC
1372,2.03,Col-0,PAC
1373,2.43,Col-0,PAC
1374,3.18,Col-0,PAC
1375,2.42,Col-0,PAC
1376,1.84,Col-0,PAC
1377,3.46,Col-0,PAC
1378,2.99,Col-0,PAC
1379,2.91,Col-0,PAC
1380,3.46,Col-0,PAC
1381,2.18,Col-0,PAC
1382,2.81,Col-0,PAC
1383,2.67,Col-0,PAC
1384,2.64,Col-0,PAC
1385,2.53,Col-0,PAC
1386,3.28,Col-0,PAC
1387,2.05,Col-0,PAC
1388,2.46,Col-0,PAC
1389,3.18,Col-0,PAC
1390,3.38,Col-0,PAC
1391,2.64,Col-0,PAC
1392,2.23,Col-0,PAC
1393,2.41,Col-0,PAC
1394,2.71,Col-0,PAC
1395,1.97,Col-0,PAC
1396,1.85,Col-0,PAC
1397,2.44,Col-0,PAC
1398,2.14,Col-0,PAC
1399,2.65,Col-0,PAC
1400,3.02,Col-0,PAC
1401,2.35,Col-0,PAC
1402,3.4,Col-0,PAC
1403,2.63,Col-0,PAC
1404,1.91,Col-0,PAC
1405,2.51,Col-0,PAC
1406,2.73,Col-0,PAC
1407,2.62,Col-0,PAC
1408,2.16,Col-0,PAC
1409,3.17,Col-0,PAC
1410,2.46,Col-0,PAC
1411,2.84,Col-0,PAC
1412,3.04,Col-0,PAC
1413,2.21,Col-0,PAC
1414,2.41,Col-0,PAC
1415,1.88,Col-0,PAC
1416,2.63,Col-0,PAC
1417,2.51,Col-0,PAC
1418,3.33,Col-0,PAC
1419,3.24,Col-0,PAC
1420,2.8,Col-0,PAC
1421,3.41,Col-0,PAC
1422,2.68,Col-0,PAC
1423,3.26,Col-0,PAC
1424,2.24,Col-0,PAC
1425,2.97,Col-0,PAC
1426,2.74,Col-0,PAC
1427,2.6,Col-0,PAC
1428,2.45,Col-0,PAC
1429,2.72,Col-0,PAC
1430,2.88,Col-0,PAC
1431,2.72,Col-0,PAC
1432,3.1,Col-0,PAC
1433,3.59,Col-0,PAC
1434,2.45,Col-0,PAC
1435,1.96,Col-0,PAC
1436,2.89,Col-0,PAC
1437,3.06,Col-0,PAC
1438,3.34,Col-0,PAC
1439,2.54,Col-0,PAC
1440,2.4,Col-0,PAC
1441,2.51,Col-0,PAC
1442,2.58,Col-0,PAC
1443,2.56,Col-0,PAC
1444,2.77,Col-0,PAC
1445,2.71,Col-0,PAC
1446,3.21,Col-0,PAC
1447,3.56,Col-0,PAC
1448,2.75,Col-0,PAC
1449,2.72,Col-0,PAC
1450,2.49,Col-0,PAC
1451,1.77,Col-0,PAC
1452,3.01,Col-0,PAC
1453,2.7,Col-0,PAC
1454,2.23,Col-0,PAC
1455,2.84,Col-0,PAC
1456,3.47,Col-0,PAC
1457,3.25,Col-0,PAC
1458,2.39,Col-0,PAC
1459,2.59,Col-0,PAC
1460,3.41,Col-0,PAC
1461,2.68,Col-0,PAC
1462,3.43,Col-0,PAC
1463,2.55,Col-0,PAC
1464,2.91,Col-0,PAC
1465,3.18,Col-0,PAC
1466,1.97,Col-0,PAC
1467,2.66,Col-0,PAC
1468,2.51,Col-0,PAC
1469,2.51,Col-0,PAC
1470,2.69,Col-0,PAC
1471,2.38,Col-0,PAC
1472,2.55,Col-0,PAC
1473,2.22,Col-0,PAC
1474,2.92,Col-0,PAC
1475,2.71,Col-0,PAC
1476,2.88,Col-0,PAC
1477,2.89,Col-0,PAC
1478,2.58,Col-0,PAC
1479,2.65,Col-0,PAC
1480,3.26,Col-0,PAC
1481,3.26,Col-0,PAC
1482,2.09,Col-0,PAC
1483,2.85,Col-0,PAC
1484,2.85,Col-0,PAC
1485,2.21,Col-0,PAC
1486,2.57,Col-0,PAC
1487,2.8,Col-0,PAC
1488,2.63,Col-0,PAC
1489,2.39,Col-0,PAC
1490,2.5,Col-0,PAC
1491,2.04,Col-0,PAC
1492,3.04,Col-0,PAC
1493,2.9,Col-0,PAC
1494,3.63,Col-0,PAC
1495,3.07,Col-0,PAC
1496,2.82,Col-0,PAC
1497,2.85,Col-0,PAC
1498,3.33,Col-0,PAC
1499,3.25,Col-0,PAC
1500,1.93,Col-0,PAC
1501,1.11,dP,Mock
1502,1.12,dP,Mock
1503,1.31,dP,Mock
1504,1.31,dP,Mock
1505,1.1,dP,Mock
1506,1.27,dP,Mock
1507,1.11,dP,Mock
1508,0.74,dP,Mock
1509,1.14,dP,Mock
1510,0.85,dP,Mock
1511,0.93,dP,Mock
1512,1.03,dP,Mock
1513,1.34,dP,Mock
1514,0.78,dP,Mock
1515,1.18,dP,Mock
1516,1.13,dP,Mock
1517,1.15,dP,Mock
1518,0.81,dP,Mock
1519,1.08,dP,Mock
1520,0.93,dP,Mock
1521,0.91,dP,Mock
1522,0.9,dP,Mock
1523,1,dP,Mock
1524,1.08,dP,Mock
1525,0.87,dP,Mock
1526,1.19,dP,Mock
1527,1.22,dP,Mock
1528,0.85,dP,Mock
1529,0.86,dP,Mock
1530,0.93,dP,Mock
1531,0.94,dP,Mock
1532,1.21,dP,Mock
1533,1.15,dP,Mock
1534,0.89,dP,Mock
1535,1.35,dP,Mock
1536,1.2,dP,Mock
1537,1.01,dP,Mock
1538,1.12,dP,Mock
1539,1.32,dP,Mock
1540,1.04,dP,Mock
1541,0.89,dP,Mock
1542,0.84,dP,Mock
1543,1.08,dP,Mock
1544,0.82,dP,Mock
1545,1.14,dP,Mock
1546,1.26,dP,Mock
1547,1.46,dP,Mock
1548,1.53,dP,Mock
1549,1.1,dP,Mock
1550,0.72,dP,Mock
1551,0.99,dP,Mock
1552,0.92,dP,Mock
1553,1.4,dP,Mock
1554,1.25,dP,Mock
1555,1.18,dP,Mock
1556,0.83,dP,Mock
1557,1.21,dP,Mock
1558,0.66,dP,Mock
1559,0.81,dP,Mock
1560,1.14,dP,Mock
1561,1.26,dP,Mock
1562,1.08,dP,Mock
1563,1.13,dP,Mock
1564,0.97,dP,Mock
1565,1.05,dP,Mock
1566,1.08,dP,Mock
1567,1.13,dP,Mock
1568,1.06,dP,Mock
1569,1.24,dP,Mock
1570,1.04,dP,Mock
1571,0.86,dP,Mock
1572,1.03,dP,Mock
1573,0.55,dP,Mock
1574,1.35,dP,Mock
1575,0.97,dP,Mock
1576,0.73,dP,Mock
1577,0.63,dP,Mock
1578,0.98,dP,Mock
1579,0.92,dP,Mock
1580,0.99,dP,Mock
1581,1.17,dP,Mock
1582,1.1,dP,Mock
1583,1.1,dP,Mock
1584,0.87,dP,Mock
1585,0.81,dP,Mock
1586,1.01,dP,Mock
1587,0.92,dP,Mock
1588,0.52,dP,Mock
1589,1.24,dP,Mock
1590,1.06,dP,Mock
1591,0.78,dP,Mock
1592,0.97,dP,Mock
1593,1.16,dP,Mock
1594,0.75,dP,Mock
1595,0.99,dP,Mock
1596,1.18,dP,Mock
1597,1,dP,Mock
1598,0.7,dP,Mock
1599,1.14,dP,Mock
1600,0.94,dP,Mock
1601,1.19,dP,Mock
1602,1.15,dP,Mock
1603,0.89,dP,Mock
1604,0.86,dP,Mock
1605,0.86,dP,Mock
1606,0.9,dP,Mock
1607,0.79,dP,Mock
1608,0.8,dP,Mock
1609,0.99,dP,Mock
1610,0.78,dP,Mock
1611,0.82,dP,Mock
1612,0.81,dP,Mock
1613,0.65,dP,Mock
1614,1.14,dP,Mock
1615,1.29,dP,Mock
1616,0.64,dP,Mock
1617,0.73,dP,Mock
1618,0.98,dP,Mock
1619,1.1,dP,Mock
1620,0.58,dP,Mock
1621,0.86,dP,Mock
1622,0.87,dP,Mock
1623,0.65,dP,Mock
1624,0.75,dP,Mock
1625,1.19,dP,Mock
1626,0.79,dP,Mock
1627,0.94,dP,Mock
1628,0.98,dP,Mock
1629,0.97,dP,Mock
1630,1.16,dP,Mock
1631,0.9,dP,Mock
1632,0.85,dP,Mock
1633,1.1,dP,Mock
1634,0.67,dP,Mock
1635,1.4,dP,Mock
1636,0.91,dP,Mock
1637,1,dP,Mock
1638,0.86,dP,Mock
1639,1.27,dP,Mock
1640,0.81,dP,Mock
1641,0.75,dP,Mock
1642,1.32,dP,Mock
1643,1.16,dP,Mock
1644,1.24,dP,Mock
1645,1.07,dP,Mock
1646,1.21,dP,Mock
1647,0.9,dP,Mock
1648,0.96,dP,Mock
1649,1.42,dP,Mock
1650,1.07,dP,Mock
1651,1.39,dP,Mock
1652,1.33,dP,Mock
1653,0.99,dP,Mock
1654,1.01,dP,Mock
1655,0.93,dP,Mock
1656,0.94,dP,Mock
1657,0.92,dP,Mock
1658,1,dP,Mock
1659,1.25,dP,Mock
1660,0.47,dP,Mock
1661,0.97,dP,Mock
1662,0.9,dP,Mock
1663,1.16,dP,Mock
1664,0.97,dP,Mock
1665,0.96,dP,Mock
1666,1.07,dP,Mock
1667,1.17,dP,Mock
1668,1.14,dP,Mock
1669,0.83,dP,Mock
1670,0.99,dP,Mock
1671,0.84,dP,Mock
1672,1.11,dP,Mock
1673,1.12,dP,Mock
1674,0.86,dP,Mock
1675,0.72,dP,Mock
1676,1.03,dP,Mock
1677,1.09,dP,Mock
1678,1.02,dP,Mock
1679,0.67,dP,Mock
1680,0.99,dP,Mock
1681,1.31,dP,Mock
1682,1.05,dP,Mock
1683,0.89,dP,Mock
1684,1.45,dP,Mock
1685,0.91,dP,Mock
1686,0.6,dP,Mock
1687,1,dP,Mock
1688,1.23,dP,Mock
1689,1.28,dP,Mock
1690,0.67,dP,Mock
1691,0.97,dP,Mock
1692,1.18,dP,Mock
1693,1.09,dP,Mock
1694,1.13,dP,Mock
1695,0.66,dP,Mock
1696,0.94,dP,Mock
1697,0.92,dP,Mock
1698,0.6,dP,Mock
1699,1.1,dP,Mock
1700,0.91,dP,Mock
1701,1,dP,Mock
1702,1.36,dP,Mock
1703,0.92,dP,Mock
1704,0.89,dP,Mock
1705,1.18,dP,Mock
1706,0.72,dP,Mock
1707,0.96,dP,Mock
1708,1.24,dP,Mock
1709,0.88,dP,Mock
1710,1.02,dP,Mock
1711,0.77,dP,Mock
1712,0.83,dP,Mock
1713,1.05,dP,Mock
1714,0.83,dP,Mock
1715,1.15,dP,Mock
1716,0.96,dP,Mock
1717,1.19,dP,Mock
1718,1.15,dP,Mock
1719,0.78,dP,Mock
1720,0.93,dP,Mock
1721,0.74,dP,Mock
1722,1.08,dP,Mock
1723,1.32,dP,Mock
1724,0.77,dP,Mock
1725,1.22,dP,Mock
1726,1.11,dP,Mock
1727,1.38,dP,Mock
1728,0.66,dP,Mock
1729,0.83,dP,Mock
1730,0.93,dP,Mock
1731,0.9,dP,Mock
1732,1.02,dP,Mock
1733,1.14,dP,Mock
1734,0.9,dP,Mock
1735,0.65,dP,Mock
1736,0.95,dP,Mock
1737,0.91,dP,Mock
1738,0.7,dP,Mock
1739,1.16,dP,Mock
1740,1,dP,Mock
1741,0.77,dP,Mock
1742,1.23,dP,Mock
1743,0.85,dP,Mock
1744,0.95,dP,Mock
1745,0.55,dP,Mock
1746,0.58,dP,Mock
1747,1.2,dP,Mock
1748,1.22,dP,Mock
1749,0.78,dP,Mock
1750,1.09,dP,Mock
1751,1.04,dP,Mock
1752,1.1,dP,Mock
1753,0.61,dP,Mock
1754,1.07,dP,Mock
1755,0.86,dP,Mock
1756,1.11,dP,Mock
1757,0.76,dP,Mock
1758,0.88,dP,Mock
1759,1.04,dP,Mock
1760,0.95,dP,Mock
1761,0.87,dP,Mock
1762,0.99,dP,Mock
1763,0.87,dP,Mock
1764,0.83,dP,Mock
1765,1.13,dP,Mock
1766,0.92,dP,Mock
1767,0.98,dP,Mock
1768,1.23,dP,Mock
1769,1.22,dP,Mock
1770,0.82,dP,Mock
1771,1.22,dP,Mock
1772,0.77,dP,Mock
1773,1.41,dP,Mock
1774,0.77,dP,Mock
1775,0.93,dP,Mock
1776,0.86,dP,Mock
1777,1.2,dP,Mock
1778,0.68,dP,Mock
1779,0.85,dP,Mock
1780,1.01,dP,Mock
1781,1.04,dP,Mock
1782,0.72,dP,Mock
1783,0.98,dP,Mock
1784,0.84,dP,Mock
1785,1.01,dP,Mock
1786,0.84,dP,Mock
1787,1.39,dP,Mock
1788,0.95,dP,Mock
1789,0.67,dP,Mock
1790,0.86,dP,Mock
1791,0.77,dP,Mock
1792,0.78,dP,Mock
1793,0.67,dP,Mock
1794,1.34,dP,Mock
1795,0.72,dP,Mock
1796,1.08,dP,Mock
1797,1.09,dP,Mock
1798,1.16,dP,Mock
1799,0.61,dP,Mock
1800,0.93,dP,Mock
1801,1.02,dP,Mock
1802,1.08,dP,Mock
1803,0.9,dP,Mock
1804,1.31,dP,Mock
1805,1.15,dP,Mock
1806,1.01,dP,Mock
1807,0.89,dP,Mock
1808,0.9,dP,Mock
1809,0.54,dP,Mock
1810,1.15,dP,Mock
1811,1.05,dP,Mock
1812,1,dP,Mock
1813,1.1,dP,Mock
1814,1.2,dP,Mock
1815,1.1,dP,Mock
1816,0.76,dP,Mock
1817,0.56,dP,Mock
1818,0.92,dP,Mock
1819,0.94,dP,Mock
1820,1.28,dP,Mock
1821,1,dP,Mock
1822,0.82,dP,Mock
1823,1.36,dP,Mock
1824,0.7,dP,Mock
1825,0.86,dP,Mock
1826,1.16,dP,Mock
1827,0.78,dP,Mock
1828,0.87,dP,Mock
1829,1.01,dP,Mock
1830,0.94,dP,Mock
1831,0.52,dP,Mock
1832,0.85,dP,Mock
1833,0.99,dP,Mock
1834,0.63,dP,Mock
1835,1.01,dP,Mock
1836,1,dP,Mock
1837,0.61,dP,Mock
1838,0.66,dP,Mock
1839,1.14,dP,Mock
1840,1.03,dP,Mock
1841,0.77,dP,Mock
1842,1.11,dP,Mock
1843,1.09,dP,Mock
1844,1.27,dP,Mock
1845,0.99,dP,Mock
1846,1.2,dP,Mock
1847,0.75,dP,Mock
1848,0.47,dP,Mock
1849,0.95,dP,Mock
1850,0.98,dP,Mock
1851,1.13,dP,Mock
1852,0.74,dP,Mock
1853,1.06,dP,Mock
1854,0.98,dP,Mock
1855,1.05,dP,Mock
1856,0.87,dP,Mock
1857,0.78,dP,Mock
1858,0.71,dP,Mock
1859,1.05,dP,Mock
1860,1.13,dP,Mock
1861,1.35,dP,Mock
1862,0.94,dP,Mock
1863,0.96,dP,Mock
1864,0.97,dP,Mock
1865,1.1,dP,Mock
1866,1.31,dP,Mock
1867,0.82,dP,Mock
1868,1.14,dP,Mock
1869,1.22,dP,Mock
1870,0.92,dP,Mock
1871,1.15,dP,Mock
1872,1.31,dP,Mock
1873,0.86,dP,Mock
1874,1.02,dP,Mock
1875,0.48,dP,Mock
1876,1.16,dP,Mock
1877,0.86,dP,Mock
1878,1.13,dP,Mock
1879,0.83,dP,Mock
1880,1,dP,Mock
1881,1.2,dP,Mock
1882,0.73,dP,Mock
1883,1.21,dP,Mock
1884,1.03,dP,Mock
1885,0.5,dP,Mock
1886,0.92,dP,Mock
1887,1.11,dP,Mock
1888,1.2,dP,Mock
1889,1.22,dP,Mock
1890,0.82,dP,Mock
1891,1.01,dP,Mock
1892,0.85,dP,Mock
1893,1.3,dP,Mock
1894,1.12,dP,Mock
1895,1.08,dP,Mock
1896,1.03,dP,Mock
1897,0.78,dP,Mock
1898,0.93,dP,Mock
1899,0.9,dP,Mock
1900,1.06,dP,Mock
1901,1.11,dP,Mock
1902,0.87,dP,Mock
1903,0.92,dP,Mock
1904,1.1,dP,Mock
1905,0.75,dP,Mock
1906,0.75,dP,Mock
1907,1.03,dP,Mock
1908,1.55,dP,Mock
1909,0.7,dP,Mock
1910,1.36,dP,Mock
1911,1.16,dP,Mock
1912,1.03,dP,Mock
1913,1.04,dP,Mock
1914,0.82,dP,Mock
1915,1.02,dP,Mock
1916,0.88,dP,Mock
1917,0.87,dP,Mock
1918,0.91,dP,Mock
1919,1.13,dP,Mock
1920,1.23,dP,Mock
1921,1.08,dP,Mock
1922,0.89,dP,Mock
1923,0.64,dP,Mock
1924,0.93,dP,Mock
1925,0.7,dP,Mock
1926,0.85,dP,Mock
1927,0.7,dP,Mock
1928,1.07,dP,Mock
1929,1.3,dP,Mock
1930,0.98,dP,Mock
1931,1.28,dP,Mock
1932,1.01,dP,Mock
1933,1.29,dP,Mock
1934,1.14,dP,Mock
1935,1.16,dP,Mock
1936,0.98,dP,Mock
1937,1.01,dP,Mock
1938,0.94,dP,Mock
1939,1.51,dP,Mock
1940,1.06,dP,Mock
1941,0.88,dP,Mock
1942,0.91,dP,Mock
1943,1.26,dP,Mock
1944,1.34,dP,Mock
1945,0.67,dP,Mock
1946,1.42,dP,Mock
1947,0.92,dP,Mock
1948,1,dP,Mock
1949,0.94,dP,Mock
1950,0.94,dP,Mock
1951,0.8,dP,Mock
1952,0.94,dP,Mock
1953,1.09,dP,Mock
1954,1,dP,Mock
1955,1.14,dP,Mock
1956,0.59,dP,Mock
1957,0.95,dP,Mock
1958,0.89,dP,Mock
1959,0.92,dP,Mock
1960,0.94,dP,Mock
1961,1.15,dP,Mock
1962,0.95,dP,Mock
1963,0.81,dP,Mock
1964,0.83,dP,Mock
1965,0.76,dP,Mock
1966,1.12,dP,Mock
1967,0.6,dP,Mock
1968,1.55,dP,Mock
1969,0.85,dP,Mock
1970,0.78,dP,Mock
1971,1,dP,Mock
1972,0.82,dP,Mock
1973,0.93,dP,Mock
1974,0.66,dP,Mock
1975,1,dP,Mock
1976,0.97,dP,Mock
1977,0.74,dP,Mock
1978,0.86,dP,Mock
1979,0.72,dP,Mock
1980,0.8,dP,Mock
1981,1.21,dP,Mock
1982,1.02,dP,Mock
1983,0.6,dP,Mock
1984,0.86,dP,Mock
1985,1,dP,Mock
1986,0.51,dP,Mock
1987,1.08,dP,Mock
1988,1.06,dP,Mock
1989,1.05,dP,Mock
1990,1.02,dP,Mock
1991,0.93,dP,Mock
1992,0.96,dP,Mock
1993,0.58,dP,Mock
1994,1.31,dP,Mock
1995,1.04,dP,Mock
1996,1.23,dP,Mock
1997,0.85,dP,Mock
1998,1.21,dP,Mock
1999,0.74,dP,Mock
2000,0.53,dP,Mock
2001,2.78,ga1-13,Mock
2002,2.47,ga1-13,Mock
2003,2.56,ga1-13,Mock
2004,3.13,ga1-13,Mock
2005,2.57,ga1-13,Mock
2006,2.69,ga1-13,Mock
2007,2.56,ga1-13,Mock
2008,2.9,ga1-13,Mock
2009,2.76,ga1-13,Mock
2010,2.49,ga1-13,Mock
2011,2.82,ga1-13,Mock
2012,2.88,ga1-13,Mock
2013,2.77,ga1-13,Mock
2014,2.48,ga1-13,Mock
2015,2.92,ga1-13,Mock
2016,2.49,ga1-13,Mock
2017,2.62,ga1-13,Mock
2018,2.36,ga1-13,Mock
2019,2.6,ga1-13,Mock
2020,2.6,ga1-13,Mock
2021,2.59,ga1-13,Mock
2022,2.57,ga1-13,Mock
2023,2.93,ga1-13,Mock
2024,2.86,ga1-13,Mock
2025,2.57,ga1-13,Mock
2026,2.7,ga1-13,Mock
2027,2.59,ga1-13,Mock
2028,2.63,ga1-13,Mock
2029,2.97,ga1-13,Mock
2030,2.79,ga1-13,Mock
2031,2.85,ga1-13,Mock
2032,2.61,ga1-13,Mock
2033,2.81,ga1-13,Mock
2034,2.62,ga1-13,Mock
2035,2.4,ga1-13,Mock
2036,3.04,ga1-13,Mock
2037,2.64,ga1-13,Mock
2038,2.93,ga1-13,Mock
2039,2.74,ga1-13,Mock
2040,2.54,ga1-13,Mock
2041,3.08,ga1-13,Mock
2042,3.02,ga1-13,Mock
2043,2.87,ga1-13,Mock
2044,2.73,ga1-13,Mock
2045,2.19,ga1-13,Mock
2046,2.92,ga1-13,Mock
2047,2.53,ga1-13,Mock
2048,2.44,ga1-13,Mock
2049,2.88,ga1-13,Mock
2050,2.94,ga1-13,Mock
2051,2.9,ga1-13,Mock
2052,2.64,ga1-13,Mock
2053,2.66,ga1-13,Mock
2054,2.92,ga1-13,Mock
2055,2.66,ga1-13,Mock
2056,2.73,ga1-13,Mock
2057,2.79,ga1-13,Mock
2058,2.48,ga1-13,Mock
2059,2.66,ga1-13,Mock
2060,2.96,ga1-13,Mock
2061,2.63,ga1-13,Mock
2062,2.81,ga1-13,Mock
2063,2.68,ga1-13,Mock
2064,2.8,ga1-13,Mock
2065,2.68,ga1-13,Mock
2066,2.41,ga1-13,Mock
2067,2.65,ga1-13,Mock
2068,2.56,ga1-13,Mock
2069,2.86,ga1-13,Mock
2070,2.54,ga1-13,Mock
2071,2.75,ga1-13,Mock
2072,2.96,ga1-13,Mock
2073,2.62,ga1-13,Mock
2074,2.45,ga1-13,Mock
2075,2.81,ga1-13,Mock
2076,2.91,ga1-13,Mock
2077,2.5,ga1-13,Mock
2078,2.52,ga1-13,Mock
2079,2.69,ga1-13,Mock
2080,2.85,ga1-13,Mock
2081,2.81,ga1-13,Mock
2082,2.95,ga1-13,Mock
2083,2.42,ga1-13,Mock
2084,2.63,ga1-13,Mock
2085,2.73,ga1-13,Mock
2086,2.68,ga1-13,Mock
2087,2.48,ga1-13,Mock
2088,2.71,ga1-13,Mock
2089,2.72,ga1-13,Mock
2090,2.66,ga1-13,Mock
2091,2.83,ga1-13,Mock
2092,3.03,ga1-13,Mock
2093,2.78,ga1-13,Mock
2094,2.86,ga1-13,Mock
2095,2.85,ga1-13,Mock
2096,2.81,ga1-13,Mock
2097,2.37,ga1-13,Mock
2098,2.75,ga1-13,Mock
2099,2.8,ga1-13,Mock
2100,2.5,ga1-13,Mock
2101,2.99,ga1-13,Mock
2102,2.7,ga1-13,Mock
2103,2.73,ga1-13,Mock
2104,2.67,ga1-13,Mock
2105,2.81,ga1-13,Mock
2106,2.8,ga1-13,Mock
2107,2.62,ga1-13,Mock
2108,2.77,ga1-13,Mock
2109,2.86,ga1-13,Mock
2110,2.4,ga1-13,Mock
2111,2.6,ga1-13,Mock
2112,2.53,ga1-13,Mock
2113,2.84,ga1-13,Mock
2114,2.64,ga1-13,Mock
2115,2.76,ga1-13,Mock
2116,2.58,ga1-13,Mock
2117,2.91,ga1-13,Mock
2118,2.74,ga1-13,Mock
2119,2.78,ga1-13,Mock
2120,2.75,ga1-13,Mock
2121,2.87,ga1-13,Mock
2122,2.45,ga1-13,Mock
2123,2.92,ga1-13,Mock
2124,2.95,ga1-13,Mock
2125,2.82,ga1-13,Mock
2126,2.49,ga1-13,Mock
2127,2.87,ga1-13,Mock
2128,2.21,ga1-13,Mock
2129,2.82,ga1-13,Mock
2130,2.89,ga1-13,Mock
2131,2.79,ga1-13,Mock
2132,2.65,ga1-13,Mock
2133,2.29,ga1-13,Mock
2134,2.56,ga1-13,Mock
2135,3.03,ga1-13,Mock
2136,2.83,ga1-13,Mock
2137,2.66,ga1-13,Mock
2138,2.34,ga1-13,Mock
2139,2.74,ga1-13,Mock
2140,2.73,ga1-13,Mock
2141,2.85,ga1-13,Mock
2142,2.73,ga1-13,Mock
2143,2.69,ga1-13,Mock
2144,2.63,ga1-13,Mock
2145,2.39,ga1-13,Mock
2146,2.67,ga1-13,Mock
2147,3.12,ga1-13,Mock
2148,2.82,ga1-13,Mock
2149,2.41,ga1-13,Mock
2150,2.8,ga1-13,Mock
2151,2.99,ga1-13,Mock
2152,2.6,ga1-13,Mock
2153,2.75,ga1-13,Mock
2154,2.66,ga1-13,Mock
2155,2.81,ga1-13,Mock
2156,2.9,ga1-13,Mock
2157,2.95,ga1-13,Mock
2158,2.62,ga1-13,Mock
2159,2.63,ga1-13,Mock
2160,2.79,ga1-13,Mock
2161,2.71,ga1-13,Mock
2162,2.58,ga1-13,Mock
2163,3.01,ga1-13,Mock
2164,2.74,ga1-13,Mock
2165,3.09,ga1-13,Mock
2166,2.53,ga1-13,Mock
2167,2.73,ga1-13,Mock
2168,2.59,ga1-13,Mock
2169,2.97,ga1-13,Mock
2170,2.4,ga1-13,Mock
2171,2.73,ga1-13,Mock
2172,2.61,ga1-13,Mock
2173,2.49,ga1-13,Mock
2174,2.34,ga1-13,Mock
2175,2.72,ga1-13,Mock
2176,2.49,ga1-13,Mock
2177,2.41,ga1-13,Mock
2178,2.56,ga1-13,Mock
2179,2.91,ga1-13,Mock
2180,3.04,ga1-13,Mock
2181,2.55,ga1-13,Mock
2182,2.78,ga1-13,Mock
2183,2.73,ga1-13,Mock
2184,2.97,ga1-13,Mock
2185,2.57,ga1-13,Mock
2186,2.87,ga1-13,Mock
2187,2.92,ga1-13,Mock
2188,2.91,ga1-13,Mock
2189,2.69,ga1-13,Mock
2190,2.76,ga1-13,Mock
2191,2.57,ga1-13,Mock
2192,2.96,ga1-13,Mock
2193,2.78,ga1-13,Mock
2194,2.88,ga1-13,Mock
2195,2.98,ga1-13,Mock
2196,2.93,ga1-13,Mock
2197,3.05,ga1-13,Mock
2198,2.99,ga1-13,Mock
2199,2.64,ga1-13,Mock
2200,2.67,ga1-13,Mock
2201,2.89,ga1-13,Mock
2202,2.36,ga1-13,Mock
2203,2.61,ga1-13,Mock
2204,2.78,ga1-13,Mock
2205,2.64,ga1-13,Mock
2206,2.57,ga1-13,Mock
2207,2.74,ga1-13,Mock
2208,2.43,ga1-13,Mock
2209,2.84,ga1-13,Mock
2210,2.4,ga1-13,Mock
2211,2.76,ga1-13,Mock
2212,2.75,ga1-13,Mock
2213,2.75,ga1-13,Mock
2214,2.82,ga1-13,Mock
2215,2.53,ga1-13,Mock
2216,2.8,ga1-13,Mock
2217,2.59,ga1-13,Mock
2218,2.52,ga1-13,Mock
2219,2.92,ga1-13,Mock
2220,2.72,ga1-13,Mock
2221,2.6,ga1-13,Mock
2222,2.85,ga1-13,Mock
2223,2.47,ga1-13,Mock
2224,2.59,ga1-13,Mock
2225,2.63,ga1-13,Mock
2226,2.78,ga1-13,Mock
2227,2.8,ga1-13,Mock
2228,2.39,ga1-13,Mock
2229,2.74,ga1-13,Mock
2230,2.7,ga1-13,Mock
2231,2.62,ga1-13,Mock
2232,2.3,ga1-13,Mock
2233,2.55,ga1-13,Mock
2234,2.98,ga1-13,Mock
2235,2.62,ga1-13,Mock
2236,2.67,ga1-13,Mock
2237,2.34,ga1-13,Mock
2238,2.88,ga1-13,Mock
2239,2.63,ga1-13,Mock
2240,2.97,ga1-13,Mock
2241,2.44,ga1-13,Mock
2242,2.87,ga1-13,Mock
2243,2.92,ga1-13,Mock
2244,2.59,ga1-13,Mock
2245,2.71,ga1-13,Mock
2246,2.72,ga1-13,Mock
2247,2.33,ga1-13,Mock
2248,2.68,ga1-13,Mock
2249,2.74,ga1-13,Mock
2250,2.57,ga1-13,Mock
2251,2.45,ga1-13,Mock
2252,2.9,ga1-13,Mock
2253,2.85,ga1-13,Mock
2254,2.5,ga1-13,Mock
2255,2.52,ga1-13,Mock
2256,2.97,ga1-13,Mock
2257,2.96,ga1-13,Mock
2258,2.77,ga1-13,Mock
2259,2.96,ga1-13,Mock
2260,2.44,ga1-13,Mock
2261,2.78,ga1-13,Mock
2262,2.81,ga1-13,Mock
2263,2.45,ga1-13,Mock
2264,2.78,ga1-13,Mock
2265,2.52,ga1-13,Mock
2266,2.38,ga1-13,Mock
2267,2.77,ga1-13,Mock
2268,3.07,ga1-13,Mock
2269,2.91,ga1-13,Mock
2270,2.39,ga1-13,Mock
2271,2.51,ga1-13,Mock
2272,2.84,ga1-13,Mock
2273,2.66,ga1-13,Mock
2274,2.65,ga1-13,Mock
2275,3.02,ga1-13,Mock
2276,2.9,ga1-13,Mock
2277,2.86,ga1-13,Mock
2278,2.27,ga1-13,Mock
2279,2.5,ga1-13,Mock
2280,3.09,ga1-13,Mock
2281,2.55,ga1-13,Mock
2282,2.7,ga1-13,Mock
2283,2.66,ga1-13,Mock
2284,2.95,ga1-13,Mock
2285,3.08,ga1-13,Mock
2286,2.72,ga1-13,Mock
2287,2.53,ga1-13,Mock
2288,2.52,ga1-13,Mock
2289,2.97,ga1-13,Mock
2290,2.73,ga1-13,Mock
2291,2.46,ga1-13,Mock
2292,2.57,ga1-13,Mock
2293,2.64,ga1-13,Mock
2294,2.58,ga1-13,Mock
2295,2.61,ga1-13,Mock
2296,2.51,ga1-13,Mock
2297,3,ga1-13,Mock
2298,2.66,ga1-13,Mock
2299,2.86,ga1-13,Mock
2300,2.46,ga1-13,Mock
2301,3.11,ga1-13,Mock
2302,2.21,ga1-13,Mock
2303,2.56,ga1-13,Mock
2304,2.6,ga1-13,Mock
2305,2.65,ga1-13,Mock
2306,2.59,ga1-13,Mock
2307,2.49,ga1-13,Mock
2308,2.86,ga1-13,Mock
2309,2.32,ga1-13,Mock
2310,2.35,ga1-13,Mock
2311,2.47,ga1-13,Mock
2312,2.75,ga1-13,Mock
2313,2.67,ga1-13,Mock
2314,2.95,ga1-13,Mock
2315,3.08,ga1-13,Mock
2316,2.45,ga1-13,Mock
2317,2.43,ga1-13,Mock
2318,2.72,ga1-13,Mock
2319,2.75,ga1-13,Mock
2320,2.73,ga1-13,Mock
2321,2.53,ga1-13,Mock
2322,2.6,ga1-13,Mock
2323,2.59,ga1-13,Mock
2324,2.92,ga1-13,Mock
2325,2.86,ga1-13,Mock
2326,2.55,ga1-13,Mock
2327,2.63,ga1-13,Mock
2328,2.88,ga1-13,Mock
2329,2.68,ga1-13,Mock
2330,2.93,ga1-13,Mock
2331,2.62,ga1-13,Mock
2332,2.65,ga1-13,Mock
2333,2.86,ga1-13,Mock
2334,2.68,ga1-13,Mock
2335,2.85,ga1-13,Mock
2336,2.62,ga1-13,Mock
2337,2.71,ga1-13,Mock
2338,2.87,ga1-13,Mock
2339,2.5,ga1-13,Mock
2340,2.52,ga1-13,Mock
2341,3.03,ga1-13,Mock
2342,2.51,ga1-13,Mock
2343,2.75,ga1-13,Mock
2344,2.51,ga1-13,Mock
2345,2.55,ga1-13,Mock
2346,2.66,ga1-13,Mock
2347,2.7,ga1-13,Mock
2348,2.48,ga1-13,Mock
2349,2.66,ga1-13,Mock
2350,2.59,ga1-13,Mock
2351,2.4,ga1-13,Mock
2352,2.72,ga1-13,Mock
2353,2.89,ga1-13,Mock
2354,2.75,ga1-13,Mock
2355,2.65,ga1-13,Mock
2356,2.82,ga1-13,Mock
2357,2.26,ga1-13,Mock
2358,2.7,ga1-13,Mock
2359,2.83,ga1-13,Mock
2360,2.62,ga1-13,Mock
2361,2.55,ga1-13,Mock
2362,2.96,ga1-13,Mock
2363,2.62,ga1-13,Mock
2364,2.48,ga1-13,Mock
2365,2.86,ga1-13,Mock
2366,2.9,ga1-13,Mock
2367,3.35,ga1-13,Mock
2368,2.64,ga1-13,Mock
2369,2.64,ga1-13,Mock
2370,2.88,ga1-13,Mock
2371,3.04,ga1-13,Mock
2372,2.53,ga1-13,Mock
2373,2.84,ga1-13,Mock
2374,2.48,ga1-13,Mock
2375,2.58,ga1-13,Mock
2376,3.17,ga1-13,Mock
2377,2.58,ga1-13,Mock
2378,2.69,ga1-13,Mock
2379,2.61,ga1-13,Mock
2380,2.97,ga1-13,Mock
2381,2.86,ga1-13,Mock
2382,2.51,ga1-13,Mock
2383,3.14,ga1-13,Mock
2384,2.34,ga1-13,Mock
2385,2.7,ga1-13,Mock
2386,2.34,ga1-13,Mock
2387,2.87,ga1-13,Mock
2388,2.76,ga1-13,Mock
2389,2.62,ga1-13,Mock
2390,2.45,ga1-13,Mock
2391,2.81,ga1-13,Mock
2392,2.78,ga1-13,Mock
2393,2.84,ga1-13,Mock
2394,2.33,ga1-13,Mock
2395,2.68,ga1-13,Mock
2396,2.73,ga1-13,Mock
2397,2.48,ga1-13,Mock
2398,2.97,ga1-13,Mock
2399,2.48,ga1-13,Mock
2400,2.46,ga1-13,Mock
2401,2.62,ga1-13,Mock
2402,2.76,ga1-13,Mock
2403,2.78,ga1-13,Mock
2404,2.83,ga1-13,Mock
2405,2.64,ga1-13,Mock
2406,2.64,ga1-13,Mock
2407,2.71,ga1-13,Mock
2408,2.73,ga1-13,Mock
2409,2.78,ga1-13,Mock
2410,2.61,ga1-13,Mock
2411,2.75,ga1-13,Mock
2412,2.85,ga1-13,Mock
2413,2.67,ga1-13,Mock
2414,2.89,ga1-13,Mock
2415,2.58,ga1-13,Mock
2416,2.49,ga1-13,Mock
2417,2.66,ga1-13,Mock
2418,2.81,ga1-13,Mock
2419,2.55,ga1-13,Mock
2420,2.72,ga1-13,Mock
2421,2.67,ga1-13,Mock
2422,2.6,ga1-13,Mock
2423,2.86,ga1-13,Mock
2424,2.67,ga1-13,Mock
2425,2.68,ga1-13,Mock
2426,2.41,ga1-13,Mock
2427,2.75,ga1-13,Mock
2428,2.9,ga1-13,Mock
2429,2.57,ga1-13,Mock
2430,2.62,ga1-13,Mock
2431,2.49,ga1-13,Mock
2432,2.61,ga1-13,Mock
2433,2.67,ga1-13,Mock
2434,2.76,ga1-13,Mock
2435,2.9,ga1-13,Mock
2436,2.39,ga1-13,Mock
2437,2.79,ga1-13,Mock
2438,2.63,ga1-13,Mock
2439,2.75,ga1-13,Mock
2440,2.8,ga1-13,Mock
2441,2.92,ga1-13,Mock
2442,2.69,ga1-13,Mock
2443,2.79,ga1-13,Mock
2444,2.62,ga1-13,Mock
2445,2.66,ga1-13,Mock
2446,2.46,ga1-13,Mock
2447,2.89,ga1-13,Mock
2448,2.61,ga1-13,Mock
2449,2.85,ga1-13,Mock
2450,2.55,ga1-13,Mock
2451,3.26,ga1-13,Mock
2452,2.87,ga1-13,Mock
2453,2.71,ga1-13,Mock
2454,2.58,ga1-13,Mock
2455,2.83,ga1-13,Mock
2456,2.76,ga1-13,Mock
2457,2.93,ga1-13,Mock
2458,2.79,ga1-13,Mock
2459,2.69,ga1-13,Mock
2460,2.67,ga1-13,Mock
2461,2.41,ga1-13,Mock
2462,2.88,ga1-13,Mock
2463,2.42,ga1-13,Mock
2464,2.94,ga1-13,Mock
2465,2.84,ga1-13,Mock
2466,2.75,ga1-13,Mock
2467,2.36,ga1-13,Mock
2468,2.37,ga1-13,Mock
2469,2.73,ga1-13,Mock
2470,2.93,ga1-13,Mock
2471,2.79,ga1-13,Mock
2472,2.79,ga1-13,Mock
2473,2.78,ga1-13,Mock
2474,2.63,ga1-13,Mock
2475,2.47,ga1-13,Mock
2476,2.68,ga1-13,Mock
2477,2.81,ga1-13,Mock
2478,2.84,ga1-13,Mock
2479,3.14,ga1-13,Mock
2480,2.71,ga1-13,Mock
2481,2.85,ga1-13,Mock
2482,2.8,ga1-13,Mock
2483,2.69,ga1-13,Mock
2484,2.48,ga1-13,Mock
2485,2.33,ga1-13,Mock
2486,2.94,ga1-13,Mock
2487,2.9,ga1-13,Mock
2488,2.84,ga1-13,Mock
2489,2.64,ga1-13,Mock
2490,2.73,ga1-13,Mock
2491,3.09,ga1-13,Mock
2492,2.78,ga1-13,Mock
2493,2.92,ga1-13,Mock
2494,2.37,ga1-13,Mock
2495,2.75,ga1-13,Mock
2496,2.52,ga1-13,Mock
2497,2.82,ga1-13,Mock
2498,2.31,ga1-13,Mock
2499,2.66,ga1-13,Mock
2500,2.76,ga1-13,Mock
2501,1.67,ga1-13,GA
2502,3.26,ga1-13,GA
2503,1.81,ga1-13,GA
2504,2.46,ga1-13,GA
2505,2.59,ga1-13,GA
2506,2.59,ga1-13,GA
2507,2.5,ga1-13,GA
2508,2.03,ga1-13,GA
2509,2.78,ga1-13,GA
2510,2.06,ga1-13,GA
2511,2.31,ga1-13,GA
2512,2.29,ga1-13,GA
2513,1.41,ga1-13,GA
2514,1.38,ga1-13,GA
2515,3.52,ga1-13,GA
2516,2.47,ga1-13,GA
2517,2.79,ga1-13,GA
2518,2.92,ga1-13,GA
2519,2.75,ga1-13,GA
2520,1.93,ga1-13,GA
2521,1.03,ga1-13,GA
2522,2.98,ga1-13,GA
2523,2.8,ga1-13,GA
2524,3.29,ga1-13,GA
2525,2.52,ga1-13,GA
2526,2.12,ga1-13,GA
2527,1.84,ga1-13,GA
2528,1.88,ga1-13,GA
2529,1.9,ga1-13,GA
2530,2.92,ga1-13,GA
2531,2.84,ga1-13,GA
2532,1.96,ga1-13,GA
2533,2.77,ga1-13,GA
2534,2.22,ga1-13,GA
2535,2.56,ga1-13,GA
2536,2.52,ga1-13,GA
2537,2.87,ga1-13,GA
2538,2.95,ga1-13,GA
2539,2.97,ga1-13,GA
2540,3.38,ga1-13,GA
2541,3.27,ga1-13,GA
2542,1.12,ga1-13,GA
2543,2.36,ga1-13,GA
2544,2.33,ga1-13,GA
2545,2.1,ga1-13,GA
2546,1.97,ga1-13,GA
2547,1.15,ga1-13,GA
2548,2.96,ga1-13,GA
2549,2.87,ga1-13,GA
2550,2.34,ga1-13,GA
2551,2.69,ga1-13,GA
2552,2.68,ga1-13,GA
2553,2.3,ga1-13,GA
2554,2.09,ga1-13,GA
2555,2.28,ga1-13,GA
2556,1.46,ga1-13,GA
2557,2.96,ga1-13,GA
2558,1.87,ga1-13,GA
2559,2.49,ga1-13,GA
2560,2.5,ga1-13,GA
2561,3.12,ga1-13,GA
2562,0.75,ga1-13,GA
2563,2.65,ga1-13,GA
2564,2.23,ga1-13,GA
2565,3.61,ga1-13,GA
2566,1.87,ga1-13,GA
2567,2.42,ga1-13,GA
2568,2.96,ga1-13,GA
2569,3.19,ga1-13,GA
2570,2.47,ga1-13,GA
2571,2.59,ga1-13,GA
2572,2.53,ga1-13,GA
2573,2.08,ga1-13,GA
2574,2.26,ga1-13,GA
2575,1.38,ga1-13,GA
2576,1.75,ga1-13,GA
2577,2.43,ga1-13,GA
2578,1.62,ga1-13,GA
2579,3.08,ga1-13,GA
2580,2.44,ga1-13,GA
2581,2.05,ga1-13,GA
2582,1.75,ga1-13,GA
2583,1.95,ga1-13,GA
2584,1.99,ga1-13,GA
2585,2.47,ga1-13,GA
2586,2.53,ga1-13,GA
2587,0.89,ga1-13,GA
2588,2.92,ga1-13,GA
2589,3.12,ga1-13,GA
2590,1.56,ga1-13,GA
2591,1.55,ga1-13,GA
2592,2.44,ga1-13,GA
2593,3.75,ga1-13,GA
2594,1.69,ga1-13,GA
2595,2.79,ga1-13,GA
2596,2.17,ga1-13,GA
2597,3.12,ga1-13,GA
2598,2.12,ga1-13,GA
2599,2.73,ga1-13,GA
2600,1.71,ga1-13,GA
2601,1.62,ga1-13,GA
2602,2.6,ga1-13,GA
2603,1.44,ga1-13,GA
2604,2.19,ga1-13,GA
2605,3.1,ga1-13,GA
2606,2.27,ga1-13,GA
2607,2.41,ga1-13,GA
2608,2.04,ga1-13,GA
2609,2.3,ga1-13,GA
2610,2.6,ga1-13,GA
2611,1.31,ga1-13,GA
2612,2.81,ga1-13,GA
2613,1.75,ga1-13,GA
2614,1.71,ga1-13,GA
2615,2.07,ga1-13,GA
2616,2.41,ga1-13,GA
2617,2.68,ga1-13,GA
2618,2.59,ga1-13,GA
2619,2.23,ga1-13,GA
2620,2.4,ga1-13,GA
2621,2.82,ga1-13,GA
2622,2.04,ga1-13,GA
2623,1.5,ga1-13,GA
2624,1.7,ga1-13,GA
2625,1.84,ga1-13,GA
2626,2.01,ga1-13,GA
2627,2.01,ga1-13,GA
2628,2.02,ga1-13,GA
2629,3.28,ga1-13,GA
2630,2.26,ga1-13,GA
2631,1.77,ga1-13,GA
2632,2.04,ga1-13,GA
2633,2.81,ga1-13,GA
2634,2.65,ga1-13,GA
2635,2.26,ga1-13,GA
2636,2.29,ga1-13,GA
2637,2.86,ga1-13,GA
2638,3.35,ga1-13,GA
2639,2.41,ga1-13,GA
2640,1.83,ga1-13,GA
2641,3.41,ga1-13,GA
2642,0.99,ga1-13,GA
2643,3.07,ga1-13,GA
2644,2.69,ga1-13,GA
2645,2.08,ga1-13,GA
2646,1.52,ga1-13,GA
2647,2.31,ga1-13,GA
2648,2.8,ga1-13,GA
2649,3.11,ga1-13,GA
2650,3.19,ga1-13,GA
2651,2.07,ga1-13,GA
2652,2.07,ga1-13,GA
2653,3.08,ga1-13,GA
2654,3.06,ga1-13,GA
2655,2.61,ga1-13,GA
2656,2.87,ga1-13,GA
2657,1.85,ga1-13,GA
2658,2.94,ga1-13,GA
2659,2.53,ga1-13,GA
2660,2.85,ga1-13,GA
2661,2.03,ga1-13,GA
2662,3.1,ga1-13,GA
2663,1.08,ga1-13,GA
2664,2.86,ga1-13,GA
2665,1.23,ga1-13,GA
2666,2.44,ga1-13,GA
2667,2.57,ga1-13,GA
2668,2.15,ga1-13,GA
2669,1.91,ga1-13,GA
2670,2.58,ga1-13,GA
2671,1.85,ga1-13,GA
2672,3.07,ga1-13,GA
2673,1.71,ga1-13,GA
2674,3.19,ga1-13,GA
2675,1.6,ga1-13,GA
2676,2.11,ga1-13,GA
2677,2.35,ga1-13,GA
2678,1.27,ga1-13,GA
2679,1.13,ga1-13,GA
2680,2.99,ga1-13,GA
2681,2.44,ga1-13,GA
2682,2.37,ga1-13,GA
2683,2.02,ga1-13,GA
2684,1.33,ga1-13,GA
2685,1.85,ga1-13,GA
2686,2.2,ga1-13,GA
2687,3.11,ga1-13,GA
2688,2.83,ga1-13,GA
2689,2.14,ga1-13,GA
2690,2.45,ga1-13,GA
2691,2.64,ga1-13,GA
2692,3.01,ga1-13,GA
2693,3.2,ga1-13,GA
2694,2.05,ga1-13,GA
2695,1.59,ga1-13,GA
2696,1.97,ga1-13,GA
2697,2.72,ga1-13,GA
2698,2.45,ga1-13,GA
2699,1.75,ga1-13,GA
2700,1.29,ga1-13,GA
2701,3.18,ga1-13,GA
2702,3.49,ga1-13,GA
2703,2.67,ga1-13,GA
2704,2.23,ga1-13,GA
2705,3.18,ga1-13,GA
2706,2.73,ga1-13,GA
2707,2.97,ga1-13,GA
2708,3.59,ga1-13,GA
2709,1.96,ga1-13,GA
2710,3,ga1-13,GA
2711,1.48,ga1-13,GA
2712,3.2,ga1-13,GA
2713,2.46,ga1-13,GA
2714,1.61,ga1-13,GA
2715,1.07,ga1-13,GA
2716,1.7,ga1-13,GA
2717,2.76,ga1-13,GA
2718,2.44,ga1-13,GA
2719,2.34,ga1-13,GA
2720,2.04,ga1-13,GA
2721,2.75,ga1-13,GA
2722,3.3,ga1-13,GA
2723,3.79,ga1-13,GA
2724,2.88,ga1-13,GA
2725,1.29,ga1-13,GA
2726,2.13,ga1-13,GA
2727,2.36,ga1-13,GA
2728,3.12,ga1-13,GA
2729,2.9,ga1-13,GA
2730,1.42,ga1-13,GA
2731,2.26,ga1-13,GA
2732,2.44,ga1-13,GA
2733,3.08,ga1-13,GA
2734,2.18,ga1-13,GA
2735,1.42,ga1-13,GA
2736,3.03,ga1-13,GA
2737,2.61,ga1-13,GA
2738,1.55,ga1-13,GA
2739,1.97,ga1-13,GA
2740,1.5,ga1-13,GA
2741,2.4,ga1-13,GA
2742,2.86,ga1-13,GA
2743,1.85,ga1-13,GA
2744,2.7,ga1-13,GA
2745,3.76,ga1-13,GA
2746,1.83,ga1-13,GA
2747,3.02,ga1-13,GA
2748,2.09,ga1-13,GA
2749,2.93,ga1-13,GA
2750,1.53,ga1-13,GA
2751,2.35,ga1-13,GA
2752,1.8,ga1-13,GA
2753,2.86,ga1-13,GA
2754,3.51,ga1-13,GA
2755,3.5,ga1-13,GA
2756,2.67,ga1-13,GA
2757,3.58,ga1-13,GA
2758,1.78,ga1-13,GA
2759,3.32,ga1-13,GA
2760,2.7,ga1-13,GA
2761,1.46,ga1-13,GA
2762,1.35,ga1-13,GA
2763,2.15,ga1-13,GA
2764,2.44,ga1-13,GA
2765,3.14,ga1-13,GA
2766,1.95,ga1-13,GA
2767,3.07,ga1-13,GA
2768,1.95,ga1-13,GA
2769,2.37,ga1-13,GA
2770,2.42,ga1-13,GA
2771,2.45,ga1-13,GA
2772,2.48,ga1-13,GA
2773,2.78,ga1-13,GA
2774,2.44,ga1-13,GA
2775,2.21,ga1-13,GA
2776,3.2,ga1-13,GA
2777,2.23,ga1-13,GA
2778,2.23,ga1-13,GA
2779,2.66,ga1-13,GA
2780,2.72,ga1-13,GA
2781,2.7,ga1-13,GA
2782,1.12,ga1-13,GA
2783,2.16,ga1-13,GA
2784,1.33,ga1-13,GA
2785,2.11,ga1-13,GA
2786,2.4,ga1-13,GA
2787,2.45,ga1-13,GA
2788,3.06,ga1-13,GA
2789,2.03,ga1-13,GA
2790,1.61,ga1-13,GA
2791,2.62,ga1-13,GA
2792,3.3,ga1-13,GA
2793,2.72,ga1-13,GA
2794,2.03,ga1-13,GA
2795,2.53,ga1-13,GA
2796,1.79,ga1-13,GA
2797,2.56,ga1-13,GA
2798,3.22,ga1-13,GA
2799,2.46,ga1-13,GA
2800,2.36,ga1-13,GA
2801,2.03,ga1-13,GA
2802,3.12,ga1-13,GA
2803,1.78,ga1-13,GA
2804,1.5,ga1-13,GA
2805,2.69,ga1-13,GA
2806,1.82,ga1-13,GA
2807,2.54,ga1-13,GA
2808,3.03,ga1-13,GA
2809,2.13,ga1-13,GA
2810,3.34,ga1-13,GA
2811,3.21,ga1-13,GA
2812,2.66,ga1-13,GA
2813,2.16,ga1-13,GA
2814,2.36,ga1-13,GA
2815,2.45,ga1-13,GA
2816,3.41,ga1-13,GA
2817,2.49,ga1-13,GA
2818,2.41,ga1-13,GA
2819,2.53,ga1-13,GA
2820,3.04,ga1-13,GA
2821,3.3,ga1-13,GA
2822,1.79,ga1-13,GA
2823,2.11,ga1-13,GA
2824,1.54,ga1-13,GA
2825,3.93,ga1-13,GA
2826,1.8,ga1-13,GA
2827,1.67,ga1-13,GA
2828,3.27,ga1-13,GA
2829,1.84,ga1-13,GA
2830,1.99,ga1-13,GA
2831,1.84,ga1-13,GA
2832,2.36,ga1-13,GA
2833,2.59,ga1-13,GA
2834,1.97,ga1-13,GA
2835,1.48,ga1-13,GA
2836,2.26,ga1-13,GA
2837,2.24,ga1-13,GA
2838,3.03,ga1-13,GA
2839,1.88,ga1-13,GA
2840,2.53,ga1-13,GA
2841,3.54,ga1-13,GA
2842,2.63,ga1-13,GA
2843,2.24,ga1-13,GA
2844,2.84,ga1-13,GA
2845,3.36,ga1-13,GA
2846,1.86,ga1-13,GA
2847,2.07,ga1-13,GA
2848,2.67,ga1-13,GA
2849,1.75,ga1-13,GA
2850,2,ga1-13,GA
2851,1.56,ga1-13,GA
2852,2.38,ga1-13,GA
2853,1.97,ga1-13,GA
2854,2.3,ga1-13,GA
2855,2.66,ga1-13,GA
2856,1.03,ga1-13,GA
2857,1.64,ga1-13,GA
2858,3.29,ga1-13,GA
2859,2.2,ga1-13,GA
2860,1.83,ga1-13,GA
2861,2.58,ga1-13,GA
2862,3.58,ga1-13,GA
2863,3.12,ga1-13,GA
2864,2.22,ga1-13,GA
2865,3.04,ga1-13,GA
2866,1.87,ga1-13,GA
2867,2.15,ga1-13,GA
2868,1.73,ga1-13,GA
2869,2.97,ga1-13,GA
2870,2.86,ga1-13,GA
2871,2.12,ga1-13,GA
2872,2.72,ga1-13,GA
2873,2.03,ga1-13,GA
2874,3.31,ga1-13,GA
2875,2.63,ga1-13,GA
2876,2.01,ga1-13,GA
2877,2.85,ga1-13,GA
2878,2.42,ga1-13,GA
2879,2.36,ga1-13,GA
2880,2.6,ga1-13,GA
2881,3.07,ga1-13,GA
2882,1.82,ga1-13,GA
2883,1.51,ga1-13,GA
2884,3.69,ga1-13,GA
2885,3.02,ga1-13,GA
2886,2.22,ga1-13,GA
2887,2.49,ga1-13,GA
2888,2.63,ga1-13,GA
2889,2.07,ga1-13,GA
2890,2.07,ga1-13,GA
2891,1.72,ga1-13,GA
2892,1.94,ga1-13,GA
2893,1.63,ga1-13,GA
2894,2.13,ga1-13,GA
2895,2.82,ga1-13,GA
2896,3.26,ga1-13,GA
2897,2.55,ga1-13,GA
2898,1.55,ga1-13,GA
2899,2.37,ga1-13,GA
2900,3.6,ga1-13,GA
2901,1.98,ga1-13,GA
2902,2.2,ga1-13,GA
2903,2.41,ga1-13,GA
2904,2.03,ga1-13,GA
2905,3.61,ga1-13,GA
2906,2.02,ga1-13,GA
2907,1.37,ga1-13,GA
2908,2.98,ga1-13,GA
2909,2.05,ga1-13,GA
2910,2.76,ga1-13,GA
2911,1.47,ga1-13,GA
2912,3.72,ga1-13,GA
2913,2.33,ga1-13,GA
2914,1.77,ga1-13,GA
2915,3.71,ga1-13,GA
2916,2.76,ga1-13,GA
2917,2.69,ga1-13,GA
2918,2.22,ga1-13,GA
2919,3.94,ga1-13,GA
2920,2.03,ga1-13,GA
2921,3.52,ga1-13,GA
2922,1.85,ga1-13,GA
2923,2.92,ga1-13,GA
2924,2.63,ga1-13,GA
2925,1.63,ga1-13,GA
2926,1.9,ga1-13,GA
2927,3.69,ga1-13,GA
2928,1.63,ga1-13,GA
2929,1.75,ga1-13,GA
2930,2.52,ga1-13,GA
2931,2.15,ga1-13,GA
2932,1.12,ga1-13,GA
2933,1.01,ga1-13,GA
2934,2.43,ga1-13,GA
2935,3.35,ga1-13,GA
2936,1.99,ga1-13,GA
2937,2.98,ga1-13,GA
2938,1.68,ga1-13,GA
2939,1.84,ga1-13,GA
2940,2.92,ga1-13,GA
2941,3.27,ga1-13,GA
2942,2.52,ga1-13,GA
2943,2.01,ga1-13,GA
2944,2.41,ga1-13,GA
2945,2.47,ga1-13,GA
2946,2.44,ga1-13,GA
2947,3.26,ga1-13,GA
2948,2.29,ga1-13,GA
2949,3,ga1-13,GA
2950,1.56,ga1-13,GA
2951,1.61,ga1-13,GA
2952,3.5,ga1-13,GA
2953,4.2,ga1-13,GA
2954,2.46,ga1-13,GA
2955,2.9,ga1-13,GA
2956,1.95,ga1-13,GA
2957,2.88,ga1-13,GA
2958,2.99,ga1-13,GA
2959,3.56,ga1-13,GA
2960,1.45,ga1-13,GA
2961,2.66,ga1-13,GA
2962,0.91,ga1-13,GA
2963,2.73,ga1-13,GA
2964,2.28,ga1-13,GA
2965,3.12,ga1-13,GA
2966,2.8,ga1-13,GA
2967,2.56,ga1-13,GA
2968,1.67,ga1-13,GA
2969,3.07,ga1-13,GA
2970,2.17,ga1-13,GA
2971,2.18,ga1-13,GA
2972,3.64,ga1-13,GA
2973,2.62,ga1-13,GA
2974,2.39,ga1-13,GA
2975,1.96,ga1-13,GA
2976,2.54,ga1-13,GA
2977,3.04,ga1-13,GA
2978,2.64,ga1-13,GA
2979,0.75,ga1-13,GA
2980,3.24,ga1-13,GA
2981,2.94,ga1-13,GA
2982,2.16,ga1-13,GA
2983,2.26,ga1-13,GA
2984,2.82,ga1-13,GA
2985,1.95,ga1-13,GA
2986,2.79,ga1-13,GA
2987,1.78,ga1-13,GA
2988,2.19,ga1-13,GA
2989,3,ga1-13,GA
2990,2.17,ga1-13,GA
2991,2.44,ga1-13,GA
2992,1.64,ga1-13,GA
2993,1.68,ga1-13,GA
2994,2.37,ga1-13,GA
2995,2.97,ga1-13,GA
2996,1.6,ga1-13,GA
2997,3.62,ga1-13,GA
2998,1.66,ga1-13,GA
2999,3.05,ga1-13,GA
3000,1.97,ga1-13,GA